"ID","file_path_stutter","file_path_speech"
0,"../data/LibriStutter/LibriStutter Audio/198/209/198-209-0033.flac","../data/LibriSpeech/198/209/198-209-0033.flac"
1,"../data/LibriStutter/LibriStutter Audio/6437/66173/6437-66173-0055.flac","../data/LibriSpeech/6437/66173/6437-66173-0055.flac"
2,"../data/LibriStutter/LibriStutter Audio/2893/139310/2893-139310-0035.flac","../data/LibriSpeech/2893/139310/2893-139310-0035.flac"
3,"../data/LibriStutter/LibriStutter Audio/7780/274562/7780-274562-0074.flac","../data/LibriSpeech/7780/274562/7780-274562-0074.flac"
4,"../data/LibriStutter/LibriStutter Audio/4853/27670/4853-27670-0012.flac","../data/LibriSpeech/4853/27670/4853-27670-0012.flac"
5,"../data/LibriStutter/LibriStutter Audio/2436/2476/2436-2476-0014.flac","../data/LibriSpeech/2436/2476/2436-2476-0014.flac"
6,"../data/LibriStutter/LibriStutter Audio/7780/274562/7780-274562-0009.flac","../data/LibriSpeech/7780/274562/7780-274562-0009.flac"
7,"../data/LibriStutter/LibriStutter Audio/4018/103416/4018-103416-0005.flac","../data/LibriSpeech/4018/103416/4018-103416-0005.flac"
8,"../data/LibriStutter/LibriStutter Audio/5561/41615/5561-41615-0025.flac","../data/LibriSpeech/5561/41615/5561-41615-0025.flac"
9,"../data/LibriStutter/LibriStutter Audio/2436/2476/2436-2476-0027.flac","../data/LibriSpeech/2436/2476/2436-2476-0027.flac"
10,"../data/LibriStutter/LibriStutter Audio/311/124404/311-124404-0029.flac","../data/LibriSpeech/311/124404/311-124404-0029.flac"
11,"../data/LibriStutter/LibriStutter Audio/4018/103416/4018-103416-0007.flac","../data/LibriSpeech/4018/103416/4018-103416-0007.flac"
12,"../data/LibriStutter/LibriStutter Audio/7517/100437/7517-100437-0020.flac","../data/LibriSpeech/7517/100437/7517-100437-0020.flac"
13,"../data/LibriStutter/LibriStutter Audio/4137/11701/4137-11701-0030.flac","../data/LibriSpeech/4137/11701/4137-11701-0030.flac"
14,"../data/LibriStutter/LibriStutter Audio/2092/145706/2092-145706-0060.flac","../data/LibriSpeech/2092/145706/2092-145706-0060.flac"
15,"../data/LibriStutter/LibriStutter Audio/1963/147036/1963-147036-0007.flac","../data/LibriSpeech/1963/147036/1963-147036-0007.flac"
16,"../data/LibriStutter/LibriStutter Audio/2289/152258/2289-152258-0007.flac","../data/LibriSpeech/2289/152258/2289-152258-0007.flac"
17,"../data/LibriStutter/LibriStutter Audio/2289/152258/2289-152258-0021.flac","../data/LibriSpeech/2289/152258/2289-152258-0021.flac"
18,"../data/LibriStutter/LibriStutter Audio/2989/138028/2989-138028-0014.flac","../data/LibriSpeech/2989/138028/2989-138028-0014.flac"
19,"../data/LibriStutter/LibriStutter Audio/3699/47246/3699-47246-0016.flac","../data/LibriSpeech/3699/47246/3699-47246-0016.flac"
20,"../data/LibriStutter/LibriStutter Audio/4830/25898/4830-25898-0001.flac","../data/LibriSpeech/4830/25898/4830-25898-0001.flac"
21,"../data/LibriStutter/LibriStutter Audio/2989/138028/2989-138028-0041.flac","../data/LibriSpeech/2989/138028/2989-138028-0041.flac"
22,"../data/LibriStutter/LibriStutter Audio/412/126975/412-126975-0071.flac","../data/LibriSpeech/412/126975/412-126975-0071.flac"
23,"../data/LibriStutter/LibriStutter Audio/6437/66172/6437-66172-0041.flac","../data/LibriSpeech/6437/66172/6437-66172-0041.flac"
24,"../data/LibriStutter/LibriStutter Audio/1963/142776/1963-142776-0008.flac","../data/LibriSpeech/1963/142776/1963-142776-0008.flac"
25,"../data/LibriStutter/LibriStutter Audio/2518/154825/2518-154825-0006.flac","../data/LibriSpeech/2518/154825/2518-154825-0006.flac"
26,"../data/LibriStutter/LibriStutter Audio/1334/135589/1334-135589-0074.flac","../data/LibriSpeech/1334/135589/1334-135589-0074.flac"
27,"../data/LibriStutter/LibriStutter Audio/1963/142393/1963-142393-0023.flac","../data/LibriSpeech/1963/142393/1963-142393-0023.flac"
28,"../data/LibriStutter/LibriStutter Audio/1867/154071/1867-154071-0006.flac","../data/LibriSpeech/1867/154071/1867-154071-0006.flac"
29,"../data/LibriStutter/LibriStutter Audio/7067/76047/7067-76047-0017.flac","../data/LibriSpeech/7067/76047/7067-76047-0017.flac"
30,"../data/LibriStutter/LibriStutter Audio/1926/143879/1926-143879-0029.flac","../data/LibriSpeech/1926/143879/1926-143879-0029.flac"
31,"../data/LibriStutter/LibriStutter Audio/2092/145709/2092-145709-0014.flac","../data/LibriSpeech/2092/145709/2092-145709-0014.flac"
32,"../data/LibriStutter/LibriStutter Audio/4788/94904/4788-94904-0010.flac","../data/LibriSpeech/4788/94904/4788-94904-0010.flac"
33,"../data/LibriStutter/LibriStutter Audio/412/126975/412-126975-0081.flac","../data/LibriSpeech/412/126975/412-126975-0081.flac"
34,"../data/LibriStutter/LibriStutter Audio/1743/142913/1743-142913-0019.flac","../data/LibriSpeech/1743/142913/1743-142913-0019.flac"
35,"../data/LibriStutter/LibriStutter Audio/5393/19219/5393-19219-0034.flac","../data/LibriSpeech/5393/19219/5393-19219-0034.flac"
36,"../data/LibriStutter/LibriStutter Audio/3240/131232/3240-131232-0013.flac","../data/LibriSpeech/3240/131232/3240-131232-0013.flac"
37,"../data/LibriStutter/LibriStutter Audio/7067/76048/7067-76048-0012.flac","../data/LibriSpeech/7067/76048/7067-76048-0012.flac"
38,"../data/LibriStutter/LibriStutter Audio/7780/274562/7780-274562-0092.flac","../data/LibriSpeech/7780/274562/7780-274562-0092.flac"
39,"../data/LibriStutter/LibriStutter Audio/1867/154071/1867-154071-0017.flac","../data/LibriSpeech/1867/154071/1867-154071-0017.flac"
40,"../data/LibriStutter/LibriStutter Audio/3240/131231/3240-131231-0081.flac","../data/LibriSpeech/3240/131231/3240-131231-0081.flac"
41,"../data/LibriStutter/LibriStutter Audio/7113/86041/7113-86041-0051.flac","../data/LibriSpeech/7113/86041/7113-86041-0051.flac"
42,"../data/LibriStutter/LibriStutter Audio/5561/41615/5561-41615-0019.flac","../data/LibriSpeech/5561/41615/5561-41615-0019.flac"
43,"../data/LibriStutter/LibriStutter Audio/1963/142393/1963-142393-0010.flac","../data/LibriSpeech/1963/142393/1963-142393-0010.flac"
44,"../data/LibriStutter/LibriStutter Audio/311/124404/311-124404-0108.flac","../data/LibriSpeech/311/124404/311-124404-0108.flac"
45,"../data/LibriStutter/LibriStutter Audio/2092/145706/2092-145706-0050.flac","../data/LibriSpeech/2092/145706/2092-145706-0050.flac"
46,"../data/LibriStutter/LibriStutter Audio/2092/145706/2092-145706-0010.flac","../data/LibriSpeech/2092/145706/2092-145706-0010.flac"
47,"../data/LibriStutter/LibriStutter Audio/1963/147036/1963-147036-0015.flac","../data/LibriSpeech/1963/147036/1963-147036-0015.flac"
48,"../data/LibriStutter/LibriStutter Audio/5390/30096/5390-30096-0029.flac","../data/LibriSpeech/5390/30096/5390-30096-0029.flac"
49,"../data/LibriStutter/LibriStutter Audio/4018/107312/4018-107312-0007.flac","../data/LibriSpeech/4018/107312/4018-107312-0007.flac"
50,"../data/LibriStutter/LibriStutter Audio/5390/24512/5390-24512-0047.flac","../data/LibriSpeech/5390/24512/5390-24512-0047.flac"
51,"../data/LibriStutter/LibriStutter Audio/2836/5354/2836-5354-0007.flac","../data/LibriSpeech/2836/5354/2836-5354-0007.flac"
52,"../data/LibriStutter/LibriStutter Audio/2989/138028/2989-138028-0059.flac","../data/LibriSpeech/2989/138028/2989-138028-0059.flac"
53,"../data/LibriStutter/LibriStutter Audio/2289/152253/2289-152253-0025.flac","../data/LibriSpeech/2289/152253/2289-152253-0025.flac"
54,"../data/LibriStutter/LibriStutter Audio/4137/11702/4137-11702-0036.flac","../data/LibriSpeech/4137/11702/4137-11702-0036.flac"
55,"../data/LibriStutter/LibriStutter Audio/5393/19218/5393-19218-0028.flac","../data/LibriSpeech/5393/19218/5393-19218-0028.flac"
56,"../data/LibriStutter/LibriStutter Audio/1334/135589/1334-135589-0070.flac","../data/LibriSpeech/1334/135589/1334-135589-0070.flac"
57,"../data/LibriStutter/LibriStutter Audio/289/121665/289-121665-0020.flac","../data/LibriSpeech/289/121665/289-121665-0020.flac"
58,"../data/LibriStutter/LibriStutter Audio/5393/19219/5393-19219-0009.flac","../data/LibriSpeech/5393/19219/5393-19219-0009.flac"
59,"../data/LibriStutter/LibriStutter Audio/2989/138035/2989-138035-0058.flac","../data/LibriSpeech/2989/138035/2989-138035-0058.flac"
60,"../data/LibriStutter/LibriStutter Audio/1867/148436/1867-148436-0026.flac","../data/LibriSpeech/1867/148436/1867-148436-0026.flac"
61,"../data/LibriStutter/LibriStutter Audio/412/126975/412-126975-0027.flac","../data/LibriSpeech/412/126975/412-126975-0027.flac"
62,"../data/LibriStutter/LibriStutter Audio/5456/58161/5456-58161-0009.flac","../data/LibriSpeech/5456/58161/5456-58161-0009.flac"
63,"../data/LibriStutter/LibriStutter Audio/2436/2476/2436-2476-0002.flac","../data/LibriSpeech/2436/2476/2436-2476-0002.flac"
64,"../data/LibriStutter/LibriStutter Audio/625/132118/625-132118-0006.flac","../data/LibriSpeech/625/132118/625-132118-0006.flac"
65,"../data/LibriStutter/LibriStutter Audio/412/126975/412-126975-0009.flac","../data/LibriSpeech/412/126975/412-126975-0009.flac"
66,"../data/LibriStutter/LibriStutter Audio/4788/91208/4788-91208-0028.flac","../data/LibriSpeech/4788/91208/4788-91208-0028.flac"
67,"../data/LibriStutter/LibriStutter Audio/6925/80680/6925-80680-0014.flac","../data/LibriSpeech/6925/80680/6925-80680-0014.flac"
68,"../data/LibriStutter/LibriStutter Audio/445/123860/445-123860-0021.flac","../data/LibriSpeech/445/123860/445-123860-0021.flac"
69,"../data/LibriStutter/LibriStutter Audio/6925/80680/6925-80680-0015.flac","../data/LibriSpeech/6925/80680/6925-80680-0015.flac"
70,"../data/LibriStutter/LibriStutter Audio/4137/11701/4137-11701-0049.flac","../data/LibriSpeech/4137/11701/4137-11701-0049.flac"
71,"../data/LibriStutter/LibriStutter Audio/2289/152258/2289-152258-0028.flac","../data/LibriSpeech/2289/152258/2289-152258-0028.flac"
72,"../data/LibriStutter/LibriStutter Audio/2893/139322/2893-139322-0039.flac","../data/LibriSpeech/2893/139322/2893-139322-0039.flac"
73,"../data/LibriStutter/LibriStutter Audio/5393/19219/5393-19219-0001.flac","../data/LibriSpeech/5393/19219/5393-19219-0001.flac"
74,"../data/LibriStutter/LibriStutter Audio/7113/86041/7113-86041-0080.flac","../data/LibriSpeech/7113/86041/7113-86041-0080.flac"
75,"../data/LibriStutter/LibriStutter Audio/3240/131231/3240-131231-0072.flac","../data/LibriSpeech/3240/131231/3240-131231-0072.flac"
76,"../data/LibriStutter/LibriStutter Audio/7067/76048/7067-76048-0040.flac","../data/LibriSpeech/7067/76048/7067-76048-0040.flac"
77,"../data/LibriStutter/LibriStutter Audio/5456/62043/5456-62043-0018.flac","../data/LibriSpeech/5456/62043/5456-62043-0018.flac"
78,"../data/LibriStutter/LibriStutter Audio/4788/94904/4788-94904-0013.flac","../data/LibriSpeech/4788/94904/4788-94904-0013.flac"
79,"../data/LibriStutter/LibriStutter Audio/2289/152257/2289-152257-0006.flac","../data/LibriSpeech/2289/152257/2289-152257-0006.flac"
80,"../data/LibriStutter/LibriStutter Audio/5456/24741/5456-24741-0012.flac","../data/LibriSpeech/5456/24741/5456-24741-0012.flac"
81,"../data/LibriStutter/LibriStutter Audio/1867/154071/1867-154071-0019.flac","../data/LibriSpeech/1867/154071/1867-154071-0019.flac"
82,"../data/LibriStutter/LibriStutter Audio/2952/408/2952-408-0008.flac","../data/LibriSpeech/2952/408/2952-408-0008.flac"
83,"../data/LibriStutter/LibriStutter Audio/625/132112/625-132112-0040.flac","../data/LibriSpeech/625/132112/625-132112-0040.flac"
84,"../data/LibriStutter/LibriStutter Audio/1088/129236/1088-129236-0027.flac","../data/LibriSpeech/1088/129236/1088-129236-0027.flac"
85,"../data/LibriStutter/LibriStutter Audio/1502/122615/1502-122615-0032.flac","../data/LibriSpeech/1502/122615/1502-122615-0032.flac"
86,"../data/LibriStutter/LibriStutter Audio/1502/122619/1502-122619-0092.flac","../data/LibriSpeech/1502/122619/1502-122619-0092.flac"
87,"../data/LibriStutter/LibriStutter Audio/2989/138035/2989-138035-0019.flac","../data/LibriSpeech/2989/138035/2989-138035-0019.flac"
88,"../data/LibriStutter/LibriStutter Audio/1963/142776/1963-142776-0009.flac","../data/LibriSpeech/1963/142776/1963-142776-0009.flac"
89,"../data/LibriStutter/LibriStutter Audio/5393/19219/5393-19219-0029.flac","../data/LibriSpeech/5393/19219/5393-19219-0029.flac"
90,"../data/LibriStutter/LibriStutter Audio/6000/86686/6000-86686-0008.flac","../data/LibriSpeech/6000/86686/6000-86686-0008.flac"
91,"../data/LibriStutter/LibriStutter Audio/2436/2481/2436-2481-0026.flac","../data/LibriSpeech/2436/2481/2436-2481-0026.flac"
92,"../data/LibriStutter/LibriStutter Audio/4018/107338/4018-107338-0005.flac","../data/LibriSpeech/4018/107338/4018-107338-0005.flac"
93,"../data/LibriStutter/LibriStutter Audio/4830/25904/4830-25904-0043.flac","../data/LibriSpeech/4830/25904/4830-25904-0043.flac"
94,"../data/LibriStutter/LibriStutter Audio/2836/5354/2836-5354-0016.flac","../data/LibriSpeech/2836/5354/2836-5354-0016.flac"
95,"../data/LibriStutter/LibriStutter Audio/2893/139310/2893-139310-0011.flac","../data/LibriSpeech/2893/139310/2893-139310-0011.flac"
96,"../data/LibriStutter/LibriStutter Audio/7113/86041/7113-86041-0085.flac","../data/LibriSpeech/7113/86041/7113-86041-0085.flac"
97,"../data/LibriStutter/LibriStutter Audio/5561/41615/5561-41615-0041.flac","../data/LibriSpeech/5561/41615/5561-41615-0041.flac"
98,"../data/LibriStutter/LibriStutter Audio/311/124404/311-124404-0094.flac","../data/LibriSpeech/311/124404/311-124404-0094.flac"
99,"../data/LibriStutter/LibriStutter Audio/5456/24741/5456-24741-0011.flac","../data/LibriSpeech/5456/24741/5456-24741-0011.flac"
100,"../data/LibriStutter/LibriStutter Audio/412/126975/412-126975-0068.flac","../data/LibriSpeech/412/126975/412-126975-0068.flac"
101,"../data/LibriStutter/LibriStutter Audio/7067/76048/7067-76048-0044.flac","../data/LibriSpeech/7067/76048/7067-76048-0044.flac"
102,"../data/LibriStutter/LibriStutter Audio/1867/154075/1867-154075-0026.flac","../data/LibriSpeech/1867/154075/1867-154075-0026.flac"
103,"../data/LibriStutter/LibriStutter Audio/4018/103416/4018-103416-0024.flac","../data/LibriSpeech/4018/103416/4018-103416-0024.flac"
104,"../data/LibriStutter/LibriStutter Audio/5561/41615/5561-41615-0048.flac","../data/LibriSpeech/5561/41615/5561-41615-0048.flac"
105,"../data/LibriStutter/LibriStutter Audio/7780/274562/7780-274562-0033.flac","../data/LibriSpeech/7780/274562/7780-274562-0033.flac"
106,"../data/LibriStutter/LibriStutter Audio/2836/5354/2836-5354-0035.flac","../data/LibriSpeech/2836/5354/2836-5354-0035.flac"
107,"../data/LibriStutter/LibriStutter Audio/5561/39621/5561-39621-0006.flac","../data/LibriSpeech/5561/39621/5561-39621-0006.flac"
108,"../data/LibriStutter/LibriStutter Audio/4788/94904/4788-94904-0023.flac","../data/LibriSpeech/4788/94904/4788-94904-0023.flac"
109,"../data/LibriStutter/LibriStutter Audio/311/124404/311-124404-0102.flac","../data/LibriSpeech/311/124404/311-124404-0102.flac"
110,"../data/LibriStutter/LibriStutter Audio/1926/147979/1926-147979-0002.flac","../data/LibriSpeech/1926/147979/1926-147979-0002.flac"
111,"../data/LibriStutter/LibriStutter Audio/1088/134315/1088-134315-0026.flac","../data/LibriSpeech/1088/134315/1088-134315-0026.flac"
112,"../data/LibriStutter/LibriStutter Audio/198/209/198-209-0030.flac","../data/LibriSpeech/198/209/198-209-0030.flac"
113,"../data/LibriStutter/LibriStutter Audio/1926/143879/1926-143879-0033.flac","../data/LibriSpeech/1926/143879/1926-143879-0033.flac"
114,"../data/LibriStutter/LibriStutter Audio/7113/86041/7113-86041-0055.flac","../data/LibriSpeech/7113/86041/7113-86041-0055.flac"
115,"../data/LibriStutter/LibriStutter Audio/6437/66172/6437-66172-0044.flac","../data/LibriSpeech/6437/66172/6437-66172-0044.flac"
116,"../data/LibriStutter/LibriStutter Audio/2289/152254/2289-152254-0004.flac","../data/LibriSpeech/2289/152254/2289-152254-0004.flac"
117,"../data/LibriStutter/LibriStutter Audio/7517/100429/7517-100429-0018.flac","../data/LibriSpeech/7517/100429/7517-100429-0018.flac"
118,"../data/LibriStutter/LibriStutter Audio/4853/27670/4853-27670-0028.flac","../data/LibriSpeech/4853/27670/4853-27670-0028.flac"
119,"../data/LibriStutter/LibriStutter Audio/4018/103416/4018-103416-0034.flac","../data/LibriSpeech/4018/103416/4018-103416-0034.flac"
120,"../data/LibriStutter/LibriStutter Audio/3699/175950/3699-175950-0000.flac","../data/LibriSpeech/3699/175950/3699-175950-0000.flac"
121,"../data/LibriStutter/LibriStutter Audio/2436/2477/2436-2477-0019.flac","../data/LibriSpeech/2436/2477/2436-2477-0019.flac"
122,"../data/LibriStutter/LibriStutter Audio/5561/39621/5561-39621-0038.flac","../data/LibriSpeech/5561/39621/5561-39621-0038.flac"
123,"../data/LibriStutter/LibriStutter Audio/2518/154826/2518-154826-0042.flac","../data/LibriSpeech/2518/154826/2518-154826-0042.flac"
124,"../data/LibriStutter/LibriStutter Audio/625/132118/625-132118-0032.flac","../data/LibriSpeech/625/132118/625-132118-0032.flac"
125,"../data/LibriStutter/LibriStutter Audio/1743/142912/1743-142912-0025.flac","../data/LibriSpeech/1743/142912/1743-142912-0025.flac"
126,"../data/LibriStutter/LibriStutter Audio/2289/152258/2289-152258-0023.flac","../data/LibriSpeech/2289/152258/2289-152258-0023.flac"
127,"../data/LibriStutter/LibriStutter Audio/6925/80680/6925-80680-0045.flac","../data/LibriSpeech/6925/80680/6925-80680-0045.flac"
128,"../data/LibriStutter/LibriStutter Audio/2952/407/2952-407-0023.flac","../data/LibriSpeech/2952/407/2952-407-0023.flac"
129,"../data/LibriStutter/LibriStutter Audio/7113/86041/7113-86041-0046.flac","../data/LibriSpeech/7113/86041/7113-86041-0046.flac"
130,"../data/LibriStutter/LibriStutter Audio/2289/152253/2289-152253-0002.flac","../data/LibriSpeech/2289/152253/2289-152253-0002.flac"
131,"../data/LibriStutter/LibriStutter Audio/1963/142776/1963-142776-0004.flac","../data/LibriSpeech/1963/142776/1963-142776-0004.flac"
132,"../data/LibriStutter/LibriStutter Audio/1334/135589/1334-135589-0079.flac","../data/LibriSpeech/1334/135589/1334-135589-0079.flac"
133,"../data/LibriStutter/LibriStutter Audio/7113/86041/7113-86041-0045.flac","../data/LibriSpeech/7113/86041/7113-86041-0045.flac"
134,"../data/LibriStutter/LibriStutter Audio/4137/11702/4137-11702-0056.flac","../data/LibriSpeech/4137/11702/4137-11702-0056.flac"
135,"../data/LibriStutter/LibriStutter Audio/103/1241/103-1241-0024.flac","../data/LibriSpeech/103/1241/103-1241-0024.flac"
136,"../data/LibriStutter/LibriStutter Audio/4018/103416/4018-103416-0032.flac","../data/LibriSpeech/4018/103416/4018-103416-0032.flac"
137,"../data/LibriStutter/LibriStutter Audio/1334/135589/1334-135589-0046.flac","../data/LibriSpeech/1334/135589/1334-135589-0046.flac"
138,"../data/LibriStutter/LibriStutter Audio/7067/76047/7067-76047-0015.flac","../data/LibriSpeech/7067/76047/7067-76047-0015.flac"
139,"../data/LibriStutter/LibriStutter Audio/2836/5354/2836-5354-0029.flac","../data/LibriSpeech/2836/5354/2836-5354-0029.flac"
140,"../data/LibriStutter/LibriStutter Audio/2092/145706/2092-145706-0005.flac","../data/LibriSpeech/2092/145706/2092-145706-0005.flac"
141,"../data/LibriStutter/LibriStutter Audio/7780/274562/7780-274562-0060.flac","../data/LibriSpeech/7780/274562/7780-274562-0060.flac"
142,"../data/LibriStutter/LibriStutter Audio/2518/154826/2518-154826-0024.flac","../data/LibriSpeech/2518/154826/2518-154826-0024.flac"
143,"../data/LibriStutter/LibriStutter Audio/7780/274562/7780-274562-0081.flac","../data/LibriSpeech/7780/274562/7780-274562-0081.flac"
144,"../data/LibriStutter/LibriStutter Audio/2989/138028/2989-138028-0061.flac","../data/LibriSpeech/2989/138028/2989-138028-0061.flac"
145,"../data/LibriStutter/LibriStutter Audio/4137/11701/4137-11701-0022.flac","../data/LibriSpeech/4137/11701/4137-11701-0022.flac"
146,"../data/LibriStutter/LibriStutter Audio/2989/138035/2989-138035-0020.flac","../data/LibriSpeech/2989/138035/2989-138035-0020.flac"
147,"../data/LibriStutter/LibriStutter Audio/7517/100429/7517-100429-0021.flac","../data/LibriSpeech/7517/100429/7517-100429-0021.flac"
148,"../data/LibriStutter/LibriStutter Audio/1743/142913/1743-142913-0000.flac","../data/LibriSpeech/1743/142913/1743-142913-0000.flac"
149,"../data/LibriStutter/LibriStutter Audio/2836/5355/2836-5355-0012.flac","../data/LibriSpeech/2836/5355/2836-5355-0012.flac"
150,"../data/LibriStutter/LibriStutter Audio/5678/43303/5678-43303-0010.flac","../data/LibriSpeech/5678/43303/5678-43303-0010.flac"
151,"../data/LibriStutter/LibriStutter Audio/3699/175950/3699-175950-0007.flac","../data/LibriSpeech/3699/175950/3699-175950-0007.flac"
152,"../data/LibriStutter/LibriStutter Audio/5393/19218/5393-19218-0031.flac","../data/LibriSpeech/5393/19218/5393-19218-0031.flac"
153,"../data/LibriStutter/LibriStutter Audio/3240/131231/3240-131231-0001.flac","../data/LibriSpeech/3240/131231/3240-131231-0001.flac"
154,"../data/LibriStutter/LibriStutter Audio/625/132112/625-132112-0018.flac","../data/LibriSpeech/625/132112/625-132112-0018.flac"
155,"../data/LibriStutter/LibriStutter Audio/6925/80680/6925-80680-0000.flac","../data/LibriSpeech/6925/80680/6925-80680-0000.flac"
156,"../data/LibriStutter/LibriStutter Audio/5561/39621/5561-39621-0026.flac","../data/LibriSpeech/5561/39621/5561-39621-0026.flac"
157,"../data/LibriStutter/LibriStutter Audio/7780/274562/7780-274562-0102.flac","../data/LibriSpeech/7780/274562/7780-274562-0102.flac"
158,"../data/LibriStutter/LibriStutter Audio/1088/129236/1088-129236-0021.flac","../data/LibriSpeech/1088/129236/1088-129236-0021.flac"
159,"../data/LibriStutter/LibriStutter Audio/1963/142393/1963-142393-0018.flac","../data/LibriSpeech/1963/142393/1963-142393-0018.flac"
160,"../data/LibriStutter/LibriStutter Audio/4853/27670/4853-27670-0032.flac","../data/LibriSpeech/4853/27670/4853-27670-0032.flac"
161,"../data/LibriStutter/LibriStutter Audio/7780/274562/7780-274562-0079.flac","../data/LibriSpeech/7780/274562/7780-274562-0079.flac"
162,"../data/LibriStutter/LibriStutter Audio/4018/107312/4018-107312-0003.flac","../data/LibriSpeech/4018/107312/4018-107312-0003.flac"
163,"../data/LibriStutter/LibriStutter Audio/5456/58161/5456-58161-0010.flac","../data/LibriSpeech/5456/58161/5456-58161-0010.flac"
164,"../data/LibriStutter/LibriStutter Audio/6000/86686/6000-86686-0025.flac","../data/LibriSpeech/6000/86686/6000-86686-0025.flac"
165,"../data/LibriStutter/LibriStutter Audio/1867/154071/1867-154071-0027.flac","../data/LibriSpeech/1867/154071/1867-154071-0027.flac"
166,"../data/LibriStutter/LibriStutter Audio/3240/131232/3240-131232-0018.flac","../data/LibriSpeech/3240/131232/3240-131232-0018.flac"
167,"../data/LibriStutter/LibriStutter Audio/6437/66173/6437-66173-0023.flac","../data/LibriSpeech/6437/66173/6437-66173-0023.flac"
168,"../data/LibriStutter/LibriStutter Audio/1963/147036/1963-147036-0033.flac","../data/LibriSpeech/1963/147036/1963-147036-0033.flac"
169,"../data/LibriStutter/LibriStutter Audio/4788/91208/4788-91208-0008.flac","../data/LibriSpeech/4788/91208/4788-91208-0008.flac"
170,"../data/LibriStutter/LibriStutter Audio/1963/142393/1963-142393-0006.flac","../data/LibriSpeech/1963/142393/1963-142393-0006.flac"
171,"../data/LibriStutter/LibriStutter Audio/2989/138035/2989-138035-0032.flac","../data/LibriSpeech/2989/138035/2989-138035-0032.flac"
172,"../data/LibriStutter/LibriStutter Audio/3699/47246/3699-47246-0005.flac","../data/LibriSpeech/3699/47246/3699-47246-0005.flac"
173,"../data/LibriStutter/LibriStutter Audio/2836/5354/2836-5354-0037.flac","../data/LibriSpeech/2836/5354/2836-5354-0037.flac"
174,"../data/LibriStutter/LibriStutter Audio/5390/24512/5390-24512-0040.flac","../data/LibriSpeech/5390/24512/5390-24512-0040.flac"
175,"../data/LibriStutter/LibriStutter Audio/4830/25904/4830-25904-0039.flac","../data/LibriSpeech/4830/25904/4830-25904-0039.flac"
176,"../data/LibriStutter/LibriStutter Audio/5456/24741/5456-24741-0017.flac","../data/LibriSpeech/5456/24741/5456-24741-0017.flac"
177,"../data/LibriStutter/LibriStutter Audio/1088/134315/1088-134315-0006.flac","../data/LibriSpeech/1088/134315/1088-134315-0006.flac"
178,"../data/LibriStutter/LibriStutter Audio/2989/138028/2989-138028-0056.flac","../data/LibriSpeech/2989/138028/2989-138028-0056.flac"
179,"../data/LibriStutter/LibriStutter Audio/1963/147036/1963-147036-0001.flac","../data/LibriSpeech/1963/147036/1963-147036-0001.flac"
180,"../data/LibriStutter/LibriStutter Audio/311/124404/311-124404-0077.flac","../data/LibriSpeech/311/124404/311-124404-0077.flac"
181,"../data/LibriStutter/LibriStutter Audio/311/124404/311-124404-0055.flac","../data/LibriSpeech/311/124404/311-124404-0055.flac"
182,"../data/LibriStutter/LibriStutter Audio/103/1240/103-1240-0024.flac","../data/LibriSpeech/103/1240/103-1240-0024.flac"
183,"../data/LibriStutter/LibriStutter Audio/3240/131231/3240-131231-0059.flac","../data/LibriSpeech/3240/131231/3240-131231-0059.flac"
184,"../data/LibriStutter/LibriStutter Audio/4018/107312/4018-107312-0010.flac","../data/LibriSpeech/4018/107312/4018-107312-0010.flac"
185,"../data/LibriStutter/LibriStutter Audio/1334/135589/1334-135589-0092.flac","../data/LibriSpeech/1334/135589/1334-135589-0092.flac"
186,"../data/LibriStutter/LibriStutter Audio/625/132118/625-132118-0023.flac","../data/LibriSpeech/625/132118/625-132118-0023.flac"
187,"../data/LibriStutter/LibriStutter Audio/2952/407/2952-407-0027.flac","../data/LibriSpeech/2952/407/2952-407-0027.flac"
188,"../data/LibriStutter/LibriStutter Audio/311/124404/311-124404-0009.flac","../data/LibriSpeech/311/124404/311-124404-0009.flac"
189,"../data/LibriStutter/LibriStutter Audio/7113/86041/7113-86041-0010.flac","../data/LibriSpeech/7113/86041/7113-86041-0010.flac"
190,"../data/LibriStutter/LibriStutter Audio/412/126975/412-126975-0063.flac","../data/LibriSpeech/412/126975/412-126975-0063.flac"
191,"../data/LibriStutter/LibriStutter Audio/1926/143879/1926-143879-0007.flac","../data/LibriSpeech/1926/143879/1926-143879-0007.flac"
192,"../data/LibriStutter/LibriStutter Audio/1963/142393/1963-142393-0009.flac","../data/LibriSpeech/1963/142393/1963-142393-0009.flac"
193,"../data/LibriStutter/LibriStutter Audio/7780/274562/7780-274562-0087.flac","../data/LibriSpeech/7780/274562/7780-274562-0087.flac"
194,"../data/LibriStutter/LibriStutter Audio/1088/134318/1088-134318-0011.flac","../data/LibriSpeech/1088/134318/1088-134318-0011.flac"
195,"../data/LibriStutter/LibriStutter Audio/5561/41616/5561-41616-0029.flac","../data/LibriSpeech/5561/41616/5561-41616-0029.flac"
196,"../data/LibriStutter/LibriStutter Audio/5393/19219/5393-19219-0027.flac","../data/LibriSpeech/5393/19219/5393-19219-0027.flac"
197,"../data/LibriStutter/LibriStutter Audio/6000/55211/6000-55211-0041.flac","../data/LibriSpeech/6000/55211/6000-55211-0041.flac"
198,"../data/LibriStutter/LibriStutter Audio/1926/147979/1926-147979-0019.flac","../data/LibriSpeech/1926/147979/1926-147979-0019.flac"
199,"../data/LibriStutter/LibriStutter Audio/311/124404/311-124404-0121.flac","../data/LibriSpeech/311/124404/311-124404-0121.flac"
200,"../data/LibriStutter/LibriStutter Audio/7113/86041/7113-86041-0035.flac","../data/LibriSpeech/7113/86041/7113-86041-0035.flac"
201,"../data/LibriStutter/LibriStutter Audio/2007/149877/2007-149877-0014.flac","../data/LibriSpeech/2007/149877/2007-149877-0014.flac"
202,"../data/LibriStutter/LibriStutter Audio/625/132112/625-132112-0058.flac","../data/LibriSpeech/625/132112/625-132112-0058.flac"
203,"../data/LibriStutter/LibriStutter Audio/1867/154075/1867-154075-0009.flac","../data/LibriSpeech/1867/154075/1867-154075-0009.flac"
204,"../data/LibriStutter/LibriStutter Audio/5390/24512/5390-24512-0049.flac","../data/LibriSpeech/5390/24512/5390-24512-0049.flac"
205,"../data/LibriStutter/LibriStutter Audio/412/126975/412-126975-0074.flac","../data/LibriSpeech/412/126975/412-126975-0074.flac"
206,"../data/LibriStutter/LibriStutter Audio/1088/134315/1088-134315-0025.flac","../data/LibriSpeech/1088/134315/1088-134315-0025.flac"
207,"../data/LibriStutter/LibriStutter Audio/5561/41616/5561-41616-0006.flac","../data/LibriSpeech/5561/41616/5561-41616-0006.flac"
208,"../data/LibriStutter/LibriStutter Audio/2289/152254/2289-152254-0029.flac","../data/LibriSpeech/2289/152254/2289-152254-0029.flac"
209,"../data/LibriStutter/LibriStutter Audio/3699/19402/3699-19402-0011.flac","../data/LibriSpeech/3699/19402/3699-19402-0011.flac"
210,"../data/LibriStutter/LibriStutter Audio/2952/410/2952-410-0040.flac","../data/LibriSpeech/2952/410/2952-410-0040.flac"
211,"../data/LibriStutter/LibriStutter Audio/2893/139322/2893-139322-0036.flac","../data/LibriSpeech/2893/139322/2893-139322-0036.flac"
212,"../data/LibriStutter/LibriStutter Audio/5678/43302/5678-43302-0034.flac","../data/LibriSpeech/5678/43302/5678-43302-0034.flac"
213,"../data/LibriStutter/LibriStutter Audio/103/1241/103-1241-0022.flac","../data/LibriSpeech/103/1241/103-1241-0022.flac"
214,"../data/LibriStutter/LibriStutter Audio/7517/100437/7517-100437-0016.flac","../data/LibriSpeech/7517/100437/7517-100437-0016.flac"
215,"../data/LibriStutter/LibriStutter Audio/2289/152257/2289-152257-0001.flac","../data/LibriSpeech/2289/152257/2289-152257-0001.flac"
216,"../data/LibriStutter/LibriStutter Audio/4788/91208/4788-91208-0025.flac","../data/LibriSpeech/4788/91208/4788-91208-0025.flac"
217,"../data/LibriStutter/LibriStutter Audio/5678/43303/5678-43303-0027.flac","../data/LibriSpeech/5678/43303/5678-43303-0027.flac"
218,"../data/LibriStutter/LibriStutter Audio/2893/139322/2893-139322-0028.flac","../data/LibriSpeech/2893/139322/2893-139322-0028.flac"
219,"../data/LibriStutter/LibriStutter Audio/2518/154826/2518-154826-0008.flac","../data/LibriSpeech/2518/154826/2518-154826-0008.flac"
220,"../data/LibriStutter/LibriStutter Audio/7067/76048/7067-76048-0022.flac","../data/LibriSpeech/7067/76048/7067-76048-0022.flac"
221,"../data/LibriStutter/LibriStutter Audio/2007/149877/2007-149877-0029.flac","../data/LibriSpeech/2007/149877/2007-149877-0029.flac"
222,"../data/LibriStutter/LibriStutter Audio/5393/19218/5393-19218-0000.flac","../data/LibriSpeech/5393/19218/5393-19218-0000.flac"
223,"../data/LibriStutter/LibriStutter Audio/1963/142776/1963-142776-0011.flac","../data/LibriSpeech/1963/142776/1963-142776-0011.flac"
224,"../data/LibriStutter/LibriStutter Audio/289/121665/289-121665-0046.flac","../data/LibriSpeech/289/121665/289-121665-0046.flac"
225,"../data/LibriStutter/LibriStutter Audio/7067/76047/7067-76047-0026.flac","../data/LibriSpeech/7067/76047/7067-76047-0026.flac"
226,"../data/LibriStutter/LibriStutter Audio/2289/152257/2289-152257-0025.flac","../data/LibriSpeech/2289/152257/2289-152257-0025.flac"
227,"../data/LibriStutter/LibriStutter Audio/1926/147979/1926-147979-0035.flac","../data/LibriSpeech/1926/147979/1926-147979-0035.flac"
228,"../data/LibriStutter/LibriStutter Audio/1334/135589/1334-135589-0090.flac","../data/LibriSpeech/1334/135589/1334-135589-0090.flac"
229,"../data/LibriStutter/LibriStutter Audio/5678/43302/5678-43302-0040.flac","../data/LibriSpeech/5678/43302/5678-43302-0040.flac"
230,"../data/LibriStutter/LibriStutter Audio/1502/122615/1502-122615-0038.flac","../data/LibriSpeech/1502/122615/1502-122615-0038.flac"
231,"../data/LibriStutter/LibriStutter Audio/103/1240/103-1240-0023.flac","../data/LibriSpeech/103/1240/103-1240-0023.flac"
232,"../data/LibriStutter/LibriStutter Audio/4137/11702/4137-11702-0033.flac","../data/LibriSpeech/4137/11702/4137-11702-0033.flac"
233,"../data/LibriStutter/LibriStutter Audio/311/124404/311-124404-0117.flac","../data/LibriSpeech/311/124404/311-124404-0117.flac"
234,"../data/LibriStutter/LibriStutter Audio/2989/138035/2989-138035-0067.flac","../data/LibriSpeech/2989/138035/2989-138035-0067.flac"
235,"../data/LibriStutter/LibriStutter Audio/2092/145706/2092-145706-0056.flac","../data/LibriSpeech/2092/145706/2092-145706-0056.flac"
236,"../data/LibriStutter/LibriStutter Audio/4018/107312/4018-107312-0026.flac","../data/LibriSpeech/4018/107312/4018-107312-0026.flac"
237,"../data/LibriStutter/LibriStutter Audio/5456/62043/5456-62043-0032.flac","../data/LibriSpeech/5456/62043/5456-62043-0032.flac"
238,"../data/LibriStutter/LibriStutter Audio/412/126975/412-126975-0052.flac","../data/LibriSpeech/412/126975/412-126975-0052.flac"
239,"../data/LibriStutter/LibriStutter Audio/103/1240/103-1240-0048.flac","../data/LibriSpeech/103/1240/103-1240-0048.flac"
240,"../data/LibriStutter/LibriStutter Audio/4788/294466/4788-294466-0013.flac","../data/LibriSpeech/4788/294466/4788-294466-0013.flac"
241,"../data/LibriStutter/LibriStutter Audio/4018/107312/4018-107312-0004.flac","../data/LibriSpeech/4018/107312/4018-107312-0004.flac"
242,"../data/LibriStutter/LibriStutter Audio/5390/30102/5390-30102-0011.flac","../data/LibriSpeech/5390/30102/5390-30102-0011.flac"
243,"../data/LibriStutter/LibriStutter Audio/4788/91208/4788-91208-0023.flac","../data/LibriSpeech/4788/91208/4788-91208-0023.flac"
244,"../data/LibriStutter/LibriStutter Audio/625/132118/625-132118-0029.flac","../data/LibriSpeech/625/132118/625-132118-0029.flac"
245,"../data/LibriStutter/LibriStutter Audio/4788/94904/4788-94904-0005.flac","../data/LibriSpeech/4788/94904/4788-94904-0005.flac"
246,"../data/LibriStutter/LibriStutter Audio/4137/11701/4137-11701-0046.flac","../data/LibriSpeech/4137/11701/4137-11701-0046.flac"
247,"../data/LibriStutter/LibriStutter Audio/2007/132570/2007-132570-0007.flac","../data/LibriSpeech/2007/132570/2007-132570-0007.flac"
248,"../data/LibriStutter/LibriStutter Audio/7067/76048/7067-76048-0020.flac","../data/LibriSpeech/7067/76048/7067-76048-0020.flac"
249,"../data/LibriStutter/LibriStutter Audio/2989/138028/2989-138028-0026.flac","../data/LibriSpeech/2989/138028/2989-138028-0026.flac"
250,"../data/LibriStutter/LibriStutter Audio/6437/66173/6437-66173-0061.flac","../data/LibriSpeech/6437/66173/6437-66173-0061.flac"
251,"../data/LibriStutter/LibriStutter Audio/1743/142914/1743-142914-0024.flac","../data/LibriSpeech/1743/142914/1743-142914-0024.flac"
252,"../data/LibriStutter/LibriStutter Audio/7113/86041/7113-86041-0059.flac","../data/LibriSpeech/7113/86041/7113-86041-0059.flac"
253,"../data/LibriStutter/LibriStutter Audio/2518/154826/2518-154826-0049.flac","../data/LibriSpeech/2518/154826/2518-154826-0049.flac"
254,"../data/LibriStutter/LibriStutter Audio/7517/100437/7517-100437-0033.flac","../data/LibriSpeech/7517/100437/7517-100437-0033.flac"
255,"../data/LibriStutter/LibriStutter Audio/4018/107312/4018-107312-0006.flac","../data/LibriSpeech/4018/107312/4018-107312-0006.flac"
256,"../data/LibriStutter/LibriStutter Audio/5390/30102/5390-30102-0007.flac","../data/LibriSpeech/5390/30102/5390-30102-0007.flac"
257,"../data/LibriStutter/LibriStutter Audio/198/126831/198-126831-0014.flac","../data/LibriSpeech/198/126831/198-126831-0014.flac"
258,"../data/LibriStutter/LibriStutter Audio/198/129977/198-129977-0003.flac","../data/LibriSpeech/198/129977/198-129977-0003.flac"
259,"../data/LibriStutter/LibriStutter Audio/311/124404/311-124404-0110.flac","../data/LibriSpeech/311/124404/311-124404-0110.flac"
260,"../data/LibriStutter/LibriStutter Audio/2007/132570/2007-132570-0020.flac","../data/LibriSpeech/2007/132570/2007-132570-0020.flac"
261,"../data/LibriStutter/LibriStutter Audio/289/121665/289-121665-0003.flac","../data/LibriSpeech/289/121665/289-121665-0003.flac"
262,"../data/LibriStutter/LibriStutter Audio/4830/25898/4830-25898-0010.flac","../data/LibriSpeech/4830/25898/4830-25898-0010.flac"
263,"../data/LibriStutter/LibriStutter Audio/6925/80680/6925-80680-0066.flac","../data/LibriSpeech/6925/80680/6925-80680-0066.flac"
264,"../data/LibriStutter/LibriStutter Audio/6925/80680/6925-80680-0047.flac","../data/LibriSpeech/6925/80680/6925-80680-0047.flac"
265,"../data/LibriStutter/LibriStutter Audio/3699/47246/3699-47246-0011.flac","../data/LibriSpeech/3699/47246/3699-47246-0011.flac"
266,"../data/LibriStutter/LibriStutter Audio/412/126975/412-126975-0065.flac","../data/LibriSpeech/412/126975/412-126975-0065.flac"
267,"../data/LibriStutter/LibriStutter Audio/7067/76048/7067-76048-0056.flac","../data/LibriSpeech/7067/76048/7067-76048-0056.flac"
268,"../data/LibriStutter/LibriStutter Audio/1963/142776/1963-142776-0030.flac","../data/LibriSpeech/1963/142776/1963-142776-0030.flac"
269,"../data/LibriStutter/LibriStutter Audio/1502/122615/1502-122615-0013.flac","../data/LibriSpeech/1502/122615/1502-122615-0013.flac"
270,"../data/LibriStutter/LibriStutter Audio/2836/5355/2836-5355-0045.flac","../data/LibriSpeech/2836/5355/2836-5355-0045.flac"
271,"../data/LibriStutter/LibriStutter Audio/3699/47246/3699-47246-0020.flac","../data/LibriSpeech/3699/47246/3699-47246-0020.flac"
272,"../data/LibriStutter/LibriStutter Audio/2092/145709/2092-145709-0011.flac","../data/LibriSpeech/2092/145709/2092-145709-0011.flac"
273,"../data/LibriStutter/LibriStutter Audio/2893/139322/2893-139322-0000.flac","../data/LibriSpeech/2893/139322/2893-139322-0000.flac"
274,"../data/LibriStutter/LibriStutter Audio/2836/5355/2836-5355-0031.flac","../data/LibriSpeech/2836/5355/2836-5355-0031.flac"
275,"../data/LibriStutter/LibriStutter Audio/4830/25904/4830-25904-0015.flac","../data/LibriSpeech/4830/25904/4830-25904-0015.flac"
276,"../data/LibriStutter/LibriStutter Audio/103/1241/103-1241-0005.flac","../data/LibriSpeech/103/1241/103-1241-0005.flac"
277,"../data/LibriStutter/LibriStutter Audio/5456/62043/5456-62043-0020.flac","../data/LibriSpeech/5456/62043/5456-62043-0020.flac"
278,"../data/LibriStutter/LibriStutter Audio/6000/86686/6000-86686-0022.flac","../data/LibriSpeech/6000/86686/6000-86686-0022.flac"
279,"../data/LibriStutter/LibriStutter Audio/5561/41616/5561-41616-0038.flac","../data/LibriSpeech/5561/41616/5561-41616-0038.flac"
280,"../data/LibriStutter/LibriStutter Audio/625/132112/625-132112-0043.flac","../data/LibriSpeech/625/132112/625-132112-0043.flac"
281,"../data/LibriStutter/LibriStutter Audio/1502/122619/1502-122619-0046.flac","../data/LibriSpeech/1502/122619/1502-122619-0046.flac"
282,"../data/LibriStutter/LibriStutter Audio/7113/86041/7113-86041-0075.flac","../data/LibriSpeech/7113/86041/7113-86041-0075.flac"
283,"../data/LibriStutter/LibriStutter Audio/1963/142393/1963-142393-0045.flac","../data/LibriSpeech/1963/142393/1963-142393-0045.flac"
284,"../data/LibriStutter/LibriStutter Audio/625/132118/625-132118-0027.flac","../data/LibriSpeech/625/132118/625-132118-0027.flac"
285,"../data/LibriStutter/LibriStutter Audio/311/124404/311-124404-0011.flac","../data/LibriSpeech/311/124404/311-124404-0011.flac"
286,"../data/LibriStutter/LibriStutter Audio/2289/152253/2289-152253-0007.flac","../data/LibriSpeech/2289/152253/2289-152253-0007.flac"
287,"../data/LibriStutter/LibriStutter Audio/4788/94904/4788-94904-0008.flac","../data/LibriSpeech/4788/94904/4788-94904-0008.flac"
288,"../data/LibriStutter/LibriStutter Audio/1963/142393/1963-142393-0037.flac","../data/LibriSpeech/1963/142393/1963-142393-0037.flac"
289,"../data/LibriStutter/LibriStutter Audio/2518/154825/2518-154825-0032.flac","../data/LibriSpeech/2518/154825/2518-154825-0032.flac"
290,"../data/LibriStutter/LibriStutter Audio/7067/76048/7067-76048-0026.flac","../data/LibriSpeech/7067/76048/7067-76048-0026.flac"
291,"../data/LibriStutter/LibriStutter Audio/4788/91208/4788-91208-0026.flac","../data/LibriSpeech/4788/91208/4788-91208-0026.flac"
292,"../data/LibriStutter/LibriStutter Audio/5393/19218/5393-19218-0018.flac","../data/LibriSpeech/5393/19218/5393-19218-0018.flac"
293,"../data/LibriStutter/LibriStutter Audio/2893/139322/2893-139322-0016.flac","../data/LibriSpeech/2893/139322/2893-139322-0016.flac"
294,"../data/LibriStutter/LibriStutter Audio/4137/11702/4137-11702-0060.flac","../data/LibriSpeech/4137/11702/4137-11702-0060.flac"
295,"../data/LibriStutter/LibriStutter Audio/1926/147979/1926-147979-0001.flac","../data/LibriSpeech/1926/147979/1926-147979-0001.flac"
296,"../data/LibriStutter/LibriStutter Audio/2989/138035/2989-138035-0021.flac","../data/LibriSpeech/2989/138035/2989-138035-0021.flac"
297,"../data/LibriStutter/LibriStutter Audio/7113/86041/7113-86041-0069.flac","../data/LibriSpeech/7113/86041/7113-86041-0069.flac"
298,"../data/LibriStutter/LibriStutter Audio/4137/11702/4137-11702-0005.flac","../data/LibriSpeech/4137/11702/4137-11702-0005.flac"
299,"../data/LibriStutter/LibriStutter Audio/103/1241/103-1241-0035.flac","../data/LibriSpeech/103/1241/103-1241-0035.flac"
300,"../data/LibriStutter/LibriStutter Audio/5393/19219/5393-19219-0059.flac","../data/LibriSpeech/5393/19219/5393-19219-0059.flac"
301,"../data/LibriStutter/LibriStutter Audio/1088/134315/1088-134315-0034.flac","../data/LibriSpeech/1088/134315/1088-134315-0034.flac"
302,"../data/LibriStutter/LibriStutter Audio/3699/19402/3699-19402-0003.flac","../data/LibriSpeech/3699/19402/3699-19402-0003.flac"
303,"../data/LibriStutter/LibriStutter Audio/289/121665/289-121665-0024.flac","../data/LibriSpeech/289/121665/289-121665-0024.flac"
304,"../data/LibriStutter/LibriStutter Audio/198/129977/198-129977-0016.flac","../data/LibriSpeech/198/129977/198-129977-0016.flac"
305,"../data/LibriStutter/LibriStutter Audio/625/132118/625-132118-0035.flac","../data/LibriSpeech/625/132118/625-132118-0035.flac"
306,"../data/LibriStutter/LibriStutter Audio/412/126975/412-126975-0094.flac","../data/LibriSpeech/412/126975/412-126975-0094.flac"
307,"../data/LibriStutter/LibriStutter Audio/625/132112/625-132112-0012.flac","../data/LibriSpeech/625/132112/625-132112-0012.flac"
308,"../data/LibriStutter/LibriStutter Audio/4137/11702/4137-11702-0004.flac","../data/LibriSpeech/4137/11702/4137-11702-0004.flac"
309,"../data/LibriStutter/LibriStutter Audio/2836/5354/2836-5354-0033.flac","../data/LibriSpeech/2836/5354/2836-5354-0033.flac"
310,"../data/LibriStutter/LibriStutter Audio/2007/149877/2007-149877-0025.flac","../data/LibriSpeech/2007/149877/2007-149877-0025.flac"
311,"../data/LibriStutter/LibriStutter Audio/445/123860/445-123860-0006.flac","../data/LibriSpeech/445/123860/445-123860-0006.flac"
312,"../data/LibriStutter/LibriStutter Audio/1502/122619/1502-122619-0000.flac","../data/LibriSpeech/1502/122619/1502-122619-0000.flac"
313,"../data/LibriStutter/LibriStutter Audio/1502/122619/1502-122619-0081.flac","../data/LibriSpeech/1502/122619/1502-122619-0081.flac"
314,"../data/LibriStutter/LibriStutter Audio/6925/80680/6925-80680-0008.flac","../data/LibriSpeech/6925/80680/6925-80680-0008.flac"
315,"../data/LibriStutter/LibriStutter Audio/1963/147036/1963-147036-0021.flac","../data/LibriSpeech/1963/147036/1963-147036-0021.flac"
316,"../data/LibriStutter/LibriStutter Audio/6925/80680/6925-80680-0025.flac","../data/LibriSpeech/6925/80680/6925-80680-0025.flac"
317,"../data/LibriStutter/LibriStutter Audio/1867/148436/1867-148436-0018.flac","../data/LibriSpeech/1867/148436/1867-148436-0018.flac"
318,"../data/LibriStutter/LibriStutter Audio/1963/142393/1963-142393-0053.flac","../data/LibriSpeech/1963/142393/1963-142393-0053.flac"
319,"../data/LibriStutter/LibriStutter Audio/1963/142776/1963-142776-0010.flac","../data/LibriSpeech/1963/142776/1963-142776-0010.flac"
320,"../data/LibriStutter/LibriStutter Audio/7067/76047/7067-76047-0025.flac","../data/LibriSpeech/7067/76047/7067-76047-0025.flac"
321,"../data/LibriStutter/LibriStutter Audio/3240/131231/3240-131231-0063.flac","../data/LibriSpeech/3240/131231/3240-131231-0063.flac"
322,"../data/LibriStutter/LibriStutter Audio/2092/145706/2092-145706-0020.flac","../data/LibriSpeech/2092/145706/2092-145706-0020.flac"
323,"../data/LibriStutter/LibriStutter Audio/2836/5354/2836-5354-0014.flac","../data/LibriSpeech/2836/5354/2836-5354-0014.flac"
324,"../data/LibriStutter/LibriStutter Audio/4137/11701/4137-11701-0020.flac","../data/LibriSpeech/4137/11701/4137-11701-0020.flac"
325,"../data/LibriStutter/LibriStutter Audio/2836/5355/2836-5355-0040.flac","../data/LibriSpeech/2836/5355/2836-5355-0040.flac"
326,"../data/LibriStutter/LibriStutter Audio/5678/43302/5678-43302-0008.flac","../data/LibriSpeech/5678/43302/5678-43302-0008.flac"
327,"../data/LibriStutter/LibriStutter Audio/1334/135589/1334-135589-0026.flac","../data/LibriSpeech/1334/135589/1334-135589-0026.flac"
328,"../data/LibriStutter/LibriStutter Audio/5390/24512/5390-24512-0031.flac","../data/LibriSpeech/5390/24512/5390-24512-0031.flac"
329,"../data/LibriStutter/LibriStutter Audio/1867/154071/1867-154071-0031.flac","../data/LibriSpeech/1867/154071/1867-154071-0031.flac"
330,"../data/LibriStutter/LibriStutter Audio/2989/138028/2989-138028-0060.flac","../data/LibriSpeech/2989/138028/2989-138028-0060.flac"
331,"../data/LibriStutter/LibriStutter Audio/4137/11702/4137-11702-0017.flac","../data/LibriSpeech/4137/11702/4137-11702-0017.flac"
332,"../data/LibriStutter/LibriStutter Audio/3240/131231/3240-131231-0004.flac","../data/LibriSpeech/3240/131231/3240-131231-0004.flac"
333,"../data/LibriStutter/LibriStutter Audio/6437/66172/6437-66172-0001.flac","../data/LibriSpeech/6437/66172/6437-66172-0001.flac"
334,"../data/LibriStutter/LibriStutter Audio/7067/76047/7067-76047-0033.flac","../data/LibriSpeech/7067/76047/7067-76047-0033.flac"
335,"../data/LibriStutter/LibriStutter Audio/4853/27670/4853-27670-0002.flac","../data/LibriSpeech/4853/27670/4853-27670-0002.flac"
336,"../data/LibriStutter/LibriStutter Audio/5393/19218/5393-19218-0041.flac","../data/LibriSpeech/5393/19218/5393-19218-0041.flac"
337,"../data/LibriStutter/LibriStutter Audio/7780/274562/7780-274562-0083.flac","../data/LibriSpeech/7780/274562/7780-274562-0083.flac"
338,"../data/LibriStutter/LibriStutter Audio/103/1240/103-1240-0027.flac","../data/LibriSpeech/103/1240/103-1240-0027.flac"
339,"../data/LibriStutter/LibriStutter Audio/1743/142913/1743-142913-0015.flac","../data/LibriSpeech/1743/142913/1743-142913-0015.flac"
340,"../data/LibriStutter/LibriStutter Audio/1926/143879/1926-143879-0016.flac","../data/LibriSpeech/1926/143879/1926-143879-0016.flac"
341,"../data/LibriStutter/LibriStutter Audio/5456/62043/5456-62043-0034.flac","../data/LibriSpeech/5456/62043/5456-62043-0034.flac"
342,"../data/LibriStutter/LibriStutter Audio/625/132112/625-132112-0037.flac","../data/LibriSpeech/625/132112/625-132112-0037.flac"
343,"../data/LibriStutter/LibriStutter Audio/2092/145706/2092-145706-0006.flac","../data/LibriSpeech/2092/145706/2092-145706-0006.flac"
344,"../data/LibriStutter/LibriStutter Audio/5678/43303/5678-43303-0002.flac","../data/LibriSpeech/5678/43303/5678-43303-0002.flac"
345,"../data/LibriStutter/LibriStutter Audio/3240/131231/3240-131231-0076.flac","../data/LibriSpeech/3240/131231/3240-131231-0076.flac"
346,"../data/LibriStutter/LibriStutter Audio/1867/154075/1867-154075-0015.flac","../data/LibriSpeech/1867/154075/1867-154075-0015.flac"
347,"../data/LibriStutter/LibriStutter Audio/3699/47246/3699-47246-0026.flac","../data/LibriSpeech/3699/47246/3699-47246-0026.flac"
348,"../data/LibriStutter/LibriStutter Audio/2289/152258/2289-152258-0015.flac","../data/LibriSpeech/2289/152258/2289-152258-0015.flac"
349,"../data/LibriStutter/LibriStutter Audio/2289/152253/2289-152253-0016.flac","../data/LibriSpeech/2289/152253/2289-152253-0016.flac"
350,"../data/LibriStutter/LibriStutter Audio/1334/135589/1334-135589-0059.flac","../data/LibriSpeech/1334/135589/1334-135589-0059.flac"
351,"../data/LibriStutter/LibriStutter Audio/2952/410/2952-410-0025.flac","../data/LibriSpeech/2952/410/2952-410-0025.flac"
352,"../data/LibriStutter/LibriStutter Audio/1926/147979/1926-147979-0041.flac","../data/LibriSpeech/1926/147979/1926-147979-0041.flac"
353,"../data/LibriStutter/LibriStutter Audio/2836/5355/2836-5355-0053.flac","../data/LibriSpeech/2836/5355/2836-5355-0053.flac"
354,"../data/LibriStutter/LibriStutter Audio/289/121652/289-121652-0009.flac","../data/LibriSpeech/289/121652/289-121652-0009.flac"
355,"../data/LibriStutter/LibriStutter Audio/6000/86686/6000-86686-0023.flac","../data/LibriSpeech/6000/86686/6000-86686-0023.flac"
356,"../data/LibriStutter/LibriStutter Audio/6925/80680/6925-80680-0027.flac","../data/LibriSpeech/6925/80680/6925-80680-0027.flac"
357,"../data/LibriStutter/LibriStutter Audio/103/1240/103-1240-0007.flac","../data/LibriSpeech/103/1240/103-1240-0007.flac"
358,"../data/LibriStutter/LibriStutter Audio/625/132112/625-132112-0015.flac","../data/LibriSpeech/625/132112/625-132112-0015.flac"
359,"../data/LibriStutter/LibriStutter Audio/7113/86041/7113-86041-0082.flac","../data/LibriSpeech/7113/86041/7113-86041-0082.flac"
360,"../data/LibriStutter/LibriStutter Audio/2836/5354/2836-5354-0032.flac","../data/LibriSpeech/2836/5354/2836-5354-0032.flac"
361,"../data/LibriStutter/LibriStutter Audio/1334/135589/1334-135589-0066.flac","../data/LibriSpeech/1334/135589/1334-135589-0066.flac"
362,"../data/LibriStutter/LibriStutter Audio/1926/147987/1926-147987-0003.flac","../data/LibriSpeech/1926/147987/1926-147987-0003.flac"
363,"../data/LibriStutter/LibriStutter Audio/6000/86686/6000-86686-0017.flac","../data/LibriSpeech/6000/86686/6000-86686-0017.flac"
364,"../data/LibriStutter/LibriStutter Audio/4137/11702/4137-11702-0007.flac","../data/LibriSpeech/4137/11702/4137-11702-0007.flac"
365,"../data/LibriStutter/LibriStutter Audio/7517/100442/7517-100442-0018.flac","../data/LibriSpeech/7517/100442/7517-100442-0018.flac"
366,"../data/LibriStutter/LibriStutter Audio/6437/66173/6437-66173-0003.flac","../data/LibriSpeech/6437/66173/6437-66173-0003.flac"
367,"../data/LibriStutter/LibriStutter Audio/2989/138028/2989-138028-0034.flac","../data/LibriSpeech/2989/138028/2989-138028-0034.flac"
368,"../data/LibriStutter/LibriStutter Audio/2952/408/2952-408-0024.flac","../data/LibriSpeech/2952/408/2952-408-0024.flac"
369,"../data/LibriStutter/LibriStutter Audio/103/1241/103-1241-0008.flac","../data/LibriSpeech/103/1241/103-1241-0008.flac"
370,"../data/LibriStutter/LibriStutter Audio/2007/132570/2007-132570-0041.flac","../data/LibriSpeech/2007/132570/2007-132570-0041.flac"
371,"../data/LibriStutter/LibriStutter Audio/2007/132570/2007-132570-0013.flac","../data/LibriSpeech/2007/132570/2007-132570-0013.flac"
372,"../data/LibriStutter/LibriStutter Audio/2836/5355/2836-5355-0034.flac","../data/LibriSpeech/2836/5355/2836-5355-0034.flac"
373,"../data/LibriStutter/LibriStutter Audio/1334/135589/1334-135589-0077.flac","../data/LibriSpeech/1334/135589/1334-135589-0077.flac"
374,"../data/LibriStutter/LibriStutter Audio/6437/66173/6437-66173-0014.flac","../data/LibriSpeech/6437/66173/6437-66173-0014.flac"
375,"../data/LibriStutter/LibriStutter Audio/4830/25904/4830-25904-0037.flac","../data/LibriSpeech/4830/25904/4830-25904-0037.flac"
376,"../data/LibriStutter/LibriStutter Audio/412/126975/412-126975-0036.flac","../data/LibriSpeech/412/126975/412-126975-0036.flac"
377,"../data/LibriStutter/LibriStutter Audio/6000/55211/6000-55211-0009.flac","../data/LibriSpeech/6000/55211/6000-55211-0009.flac"
378,"../data/LibriStutter/LibriStutter Audio/5390/30096/5390-30096-0031.flac","../data/LibriSpeech/5390/30096/5390-30096-0031.flac"
379,"../data/LibriStutter/LibriStutter Audio/4137/11702/4137-11702-0057.flac","../data/LibriSpeech/4137/11702/4137-11702-0057.flac"
380,"../data/LibriStutter/LibriStutter Audio/4830/25898/4830-25898-0021.flac","../data/LibriSpeech/4830/25898/4830-25898-0021.flac"
381,"../data/LibriStutter/LibriStutter Audio/5390/24512/5390-24512-0012.flac","../data/LibriSpeech/5390/24512/5390-24512-0012.flac"
382,"../data/LibriStutter/LibriStutter Audio/445/123860/445-123860-0005.flac","../data/LibriSpeech/445/123860/445-123860-0005.flac"
383,"../data/LibriStutter/LibriStutter Audio/1334/135589/1334-135589-0086.flac","../data/LibriSpeech/1334/135589/1334-135589-0086.flac"
384,"../data/LibriStutter/LibriStutter Audio/2518/154825/2518-154825-0010.flac","../data/LibriSpeech/2518/154825/2518-154825-0010.flac"
385,"../data/LibriStutter/LibriStutter Audio/2007/132570/2007-132570-0059.flac","../data/LibriSpeech/2007/132570/2007-132570-0059.flac"
386,"../data/LibriStutter/LibriStutter Audio/2092/145706/2092-145706-0025.flac","../data/LibriSpeech/2092/145706/2092-145706-0025.flac"
387,"../data/LibriStutter/LibriStutter Audio/2092/145709/2092-145709-0010.flac","../data/LibriSpeech/2092/145709/2092-145709-0010.flac"
388,"../data/LibriStutter/LibriStutter Audio/2989/138028/2989-138028-0072.flac","../data/LibriSpeech/2989/138028/2989-138028-0072.flac"
389,"../data/LibriStutter/LibriStutter Audio/1867/148436/1867-148436-0004.flac","../data/LibriSpeech/1867/148436/1867-148436-0004.flac"
390,"../data/LibriStutter/LibriStutter Audio/103/1240/103-1240-0044.flac","../data/LibriSpeech/103/1240/103-1240-0044.flac"
391,"../data/LibriStutter/LibriStutter Audio/1334/135589/1334-135589-0080.flac","../data/LibriSpeech/1334/135589/1334-135589-0080.flac"
392,"../data/LibriStutter/LibriStutter Audio/3699/47246/3699-47246-0019.flac","../data/LibriSpeech/3699/47246/3699-47246-0019.flac"
393,"../data/LibriStutter/LibriStutter Audio/2092/145706/2092-145706-0061.flac","../data/LibriSpeech/2092/145706/2092-145706-0061.flac"
394,"../data/LibriStutter/LibriStutter Audio/4830/25904/4830-25904-0026.flac","../data/LibriSpeech/4830/25904/4830-25904-0026.flac"
395,"../data/LibriStutter/LibriStutter Audio/198/209/198-209-0019.flac","../data/LibriSpeech/198/209/198-209-0019.flac"
396,"../data/LibriStutter/LibriStutter Audio/625/132118/625-132118-0007.flac","../data/LibriSpeech/625/132118/625-132118-0007.flac"
397,"../data/LibriStutter/LibriStutter Audio/2952/410/2952-410-0028.flac","../data/LibriSpeech/2952/410/2952-410-0028.flac"
398,"../data/LibriStutter/LibriStutter Audio/6437/66172/6437-66172-0016.flac","../data/LibriSpeech/6437/66172/6437-66172-0016.flac"
399,"../data/LibriStutter/LibriStutter Audio/198/126831/198-126831-0041.flac","../data/LibriSpeech/198/126831/198-126831-0041.flac"
400,"../data/LibriStutter/LibriStutter Audio/2289/152258/2289-152258-0033.flac","../data/LibriSpeech/2289/152258/2289-152258-0033.flac"
401,"../data/LibriStutter/LibriStutter Audio/4137/11701/4137-11701-0007.flac","../data/LibriSpeech/4137/11701/4137-11701-0007.flac"
402,"../data/LibriStutter/LibriStutter Audio/4830/25904/4830-25904-0001.flac","../data/LibriSpeech/4830/25904/4830-25904-0001.flac"
403,"../data/LibriStutter/LibriStutter Audio/5393/19218/5393-19218-0027.flac","../data/LibriSpeech/5393/19218/5393-19218-0027.flac"
404,"../data/LibriStutter/LibriStutter Audio/7780/274562/7780-274562-0090.flac","../data/LibriSpeech/7780/274562/7780-274562-0090.flac"
405,"../data/LibriStutter/LibriStutter Audio/1743/142914/1743-142914-0003.flac","../data/LibriSpeech/1743/142914/1743-142914-0003.flac"
406,"../data/LibriStutter/LibriStutter Audio/1926/143879/1926-143879-0034.flac","../data/LibriSpeech/1926/143879/1926-143879-0034.flac"
407,"../data/LibriStutter/LibriStutter Audio/4830/25904/4830-25904-0045.flac","../data/LibriSpeech/4830/25904/4830-25904-0045.flac"
408,"../data/LibriStutter/LibriStutter Audio/4788/94904/4788-94904-0001.flac","../data/LibriSpeech/4788/94904/4788-94904-0001.flac"
409,"../data/LibriStutter/LibriStutter Audio/2007/149877/2007-149877-0036.flac","../data/LibriSpeech/2007/149877/2007-149877-0036.flac"
410,"../data/LibriStutter/LibriStutter Audio/5561/41616/5561-41616-0022.flac","../data/LibriSpeech/5561/41616/5561-41616-0022.flac"
411,"../data/LibriStutter/LibriStutter Audio/7113/86041/7113-86041-0011.flac","../data/LibriSpeech/7113/86041/7113-86041-0011.flac"
412,"../data/LibriStutter/LibriStutter Audio/311/124404/311-124404-0082.flac","../data/LibriSpeech/311/124404/311-124404-0082.flac"
413,"../data/LibriStutter/LibriStutter Audio/2289/152258/2289-152258-0040.flac","../data/LibriSpeech/2289/152258/2289-152258-0040.flac"
414,"../data/LibriStutter/LibriStutter Audio/2092/145706/2092-145706-0083.flac","../data/LibriSpeech/2092/145706/2092-145706-0083.flac"
415,"../data/LibriStutter/LibriStutter Audio/2007/149877/2007-149877-0046.flac","../data/LibriSpeech/2007/149877/2007-149877-0046.flac"
416,"../data/LibriStutter/LibriStutter Audio/7517/100429/7517-100429-0028.flac","../data/LibriSpeech/7517/100429/7517-100429-0028.flac"
417,"../data/LibriStutter/LibriStutter Audio/2518/154826/2518-154826-0028.flac","../data/LibriSpeech/2518/154826/2518-154826-0028.flac"
418,"../data/LibriStutter/LibriStutter Audio/4137/11702/4137-11702-0003.flac","../data/LibriSpeech/4137/11702/4137-11702-0003.flac"
419,"../data/LibriStutter/LibriStutter Audio/311/124404/311-124404-0111.flac","../data/LibriSpeech/311/124404/311-124404-0111.flac"
420,"../data/LibriStutter/LibriStutter Audio/2289/152253/2289-152253-0018.flac","../data/LibriSpeech/2289/152253/2289-152253-0018.flac"
421,"../data/LibriStutter/LibriStutter Audio/5393/19218/5393-19218-0032.flac","../data/LibriSpeech/5393/19218/5393-19218-0032.flac"
422,"../data/LibriStutter/LibriStutter Audio/4853/27671/4853-27671-0025.flac","../data/LibriSpeech/4853/27671/4853-27671-0025.flac"
423,"../data/LibriStutter/LibriStutter Audio/5678/43303/5678-43303-0019.flac","../data/LibriSpeech/5678/43303/5678-43303-0019.flac"
424,"../data/LibriStutter/LibriStutter Audio/3699/175950/3699-175950-0012.flac","../data/LibriSpeech/3699/175950/3699-175950-0012.flac"
425,"../data/LibriStutter/LibriStutter Audio/7113/86041/7113-86041-0018.flac","../data/LibriSpeech/7113/86041/7113-86041-0018.flac"
426,"../data/LibriStutter/LibriStutter Audio/103/1241/103-1241-0015.flac","../data/LibriSpeech/103/1241/103-1241-0015.flac"
427,"../data/LibriStutter/LibriStutter Audio/2092/145706/2092-145706-0007.flac","../data/LibriSpeech/2092/145706/2092-145706-0007.flac"
428,"../data/LibriStutter/LibriStutter Audio/1743/142914/1743-142914-0006.flac","../data/LibriSpeech/1743/142914/1743-142914-0006.flac"
429,"../data/LibriStutter/LibriStutter Audio/4137/11701/4137-11701-0034.flac","../data/LibriSpeech/4137/11701/4137-11701-0034.flac"
430,"../data/LibriStutter/LibriStutter Audio/1867/148436/1867-148436-0003.flac","../data/LibriSpeech/1867/148436/1867-148436-0003.flac"
431,"../data/LibriStutter/LibriStutter Audio/7780/274562/7780-274562-0067.flac","../data/LibriSpeech/7780/274562/7780-274562-0067.flac"
432,"../data/LibriStutter/LibriStutter Audio/6437/66172/6437-66172-0008.flac","../data/LibriSpeech/6437/66172/6437-66172-0008.flac"
433,"../data/LibriStutter/LibriStutter Audio/7113/86041/7113-86041-0044.flac","../data/LibriSpeech/7113/86041/7113-86041-0044.flac"
434,"../data/LibriStutter/LibriStutter Audio/625/132112/625-132112-0025.flac","../data/LibriSpeech/625/132112/625-132112-0025.flac"
435,"../data/LibriStutter/LibriStutter Audio/3240/131231/3240-131231-0057.flac","../data/LibriSpeech/3240/131231/3240-131231-0057.flac"
436,"../data/LibriStutter/LibriStutter Audio/2518/154825/2518-154825-0011.flac","../data/LibriSpeech/2518/154825/2518-154825-0011.flac"
437,"../data/LibriStutter/LibriStutter Audio/6000/55211/6000-55211-0047.flac","../data/LibriSpeech/6000/55211/6000-55211-0047.flac"
438,"../data/LibriStutter/LibriStutter Audio/1867/154071/1867-154071-0044.flac","../data/LibriSpeech/1867/154071/1867-154071-0044.flac"
439,"../data/LibriStutter/LibriStutter Audio/625/132112/625-132112-0046.flac","../data/LibriSpeech/625/132112/625-132112-0046.flac"
440,"../data/LibriStutter/LibriStutter Audio/289/121652/289-121652-0033.flac","../data/LibriSpeech/289/121652/289-121652-0033.flac"
441,"../data/LibriStutter/LibriStutter Audio/625/132118/625-132118-0013.flac","../data/LibriSpeech/625/132118/625-132118-0013.flac"
442,"../data/LibriStutter/LibriStutter Audio/2436/2476/2436-2476-0003.flac","../data/LibriSpeech/2436/2476/2436-2476-0003.flac"
443,"../data/LibriStutter/LibriStutter Audio/4018/107338/4018-107338-0021.flac","../data/LibriSpeech/4018/107338/4018-107338-0021.flac"
444,"../data/LibriStutter/LibriStutter Audio/5561/41615/5561-41615-0030.flac","../data/LibriSpeech/5561/41615/5561-41615-0030.flac"
445,"../data/LibriStutter/LibriStutter Audio/5561/41616/5561-41616-0017.flac","../data/LibriSpeech/5561/41616/5561-41616-0017.flac"
446,"../data/LibriStutter/LibriStutter Audio/3699/19401/3699-19401-0008.flac","../data/LibriSpeech/3699/19401/3699-19401-0008.flac"
447,"../data/LibriStutter/LibriStutter Audio/289/121652/289-121652-0008.flac","../data/LibriSpeech/289/121652/289-121652-0008.flac"
448,"../data/LibriStutter/LibriStutter Audio/289/121652/289-121652-0011.flac","../data/LibriSpeech/289/121652/289-121652-0011.flac"
449,"../data/LibriStutter/LibriStutter Audio/311/124404/311-124404-0070.flac","../data/LibriSpeech/311/124404/311-124404-0070.flac"
450,"../data/LibriStutter/LibriStutter Audio/2952/410/2952-410-0009.flac","../data/LibriSpeech/2952/410/2952-410-0009.flac"
451,"../data/LibriStutter/LibriStutter Audio/311/124404/311-124404-0025.flac","../data/LibriSpeech/311/124404/311-124404-0025.flac"
452,"../data/LibriStutter/LibriStutter Audio/6000/86686/6000-86686-0004.flac","../data/LibriSpeech/6000/86686/6000-86686-0004.flac"
453,"../data/LibriStutter/LibriStutter Audio/103/1240/103-1240-0035.flac","../data/LibriSpeech/103/1240/103-1240-0035.flac"
454,"../data/LibriStutter/LibriStutter Audio/2436/2476/2436-2476-0004.flac","../data/LibriSpeech/2436/2476/2436-2476-0004.flac"
455,"../data/LibriStutter/LibriStutter Audio/5561/41615/5561-41615-0043.flac","../data/LibriSpeech/5561/41615/5561-41615-0043.flac"
456,"../data/LibriStutter/LibriStutter Audio/3699/175950/3699-175950-0002.flac","../data/LibriSpeech/3699/175950/3699-175950-0002.flac"
457,"../data/LibriStutter/LibriStutter Audio/3240/131231/3240-131231-0061.flac","../data/LibriSpeech/3240/131231/3240-131231-0061.flac"
458,"../data/LibriStutter/LibriStutter Audio/1088/129236/1088-129236-0015.flac","../data/LibriSpeech/1088/129236/1088-129236-0015.flac"
459,"../data/LibriStutter/LibriStutter Audio/2436/2477/2436-2477-0009.flac","../data/LibriSpeech/2436/2477/2436-2477-0009.flac"
460,"../data/LibriStutter/LibriStutter Audio/1963/142393/1963-142393-0055.flac","../data/LibriSpeech/1963/142393/1963-142393-0055.flac"
461,"../data/LibriStutter/LibriStutter Audio/311/124404/311-124404-0071.flac","../data/LibriSpeech/311/124404/311-124404-0071.flac"
462,"../data/LibriStutter/LibriStutter Audio/2893/139322/2893-139322-0008.flac","../data/LibriSpeech/2893/139322/2893-139322-0008.flac"
463,"../data/LibriStutter/LibriStutter Audio/5561/39621/5561-39621-0029.flac","../data/LibriSpeech/5561/39621/5561-39621-0029.flac"
464,"../data/LibriStutter/LibriStutter Audio/5390/30102/5390-30102-0017.flac","../data/LibriSpeech/5390/30102/5390-30102-0017.flac"
465,"../data/LibriStutter/LibriStutter Audio/5456/58161/5456-58161-0006.flac","../data/LibriSpeech/5456/58161/5456-58161-0006.flac"
466,"../data/LibriStutter/LibriStutter Audio/2092/145706/2092-145706-0046.flac","../data/LibriSpeech/2092/145706/2092-145706-0046.flac"
467,"../data/LibriStutter/LibriStutter Audio/5390/24512/5390-24512-0004.flac","../data/LibriSpeech/5390/24512/5390-24512-0004.flac"
468,"../data/LibriStutter/LibriStutter Audio/311/124404/311-124404-0001.flac","../data/LibriSpeech/311/124404/311-124404-0001.flac"
469,"../data/LibriStutter/LibriStutter Audio/311/124404/311-124404-0038.flac","../data/LibriSpeech/311/124404/311-124404-0038.flac"
470,"../data/LibriStutter/LibriStutter Audio/1334/135589/1334-135589-0065.flac","../data/LibriSpeech/1334/135589/1334-135589-0065.flac"
471,"../data/LibriStutter/LibriStutter Audio/6925/80680/6925-80680-0003.flac","../data/LibriSpeech/6925/80680/6925-80680-0003.flac"
472,"../data/LibriStutter/LibriStutter Audio/7517/100442/7517-100442-0010.flac","../data/LibriSpeech/7517/100442/7517-100442-0010.flac"
473,"../data/LibriStutter/LibriStutter Audio/1088/134318/1088-134318-0005.flac","../data/LibriSpeech/1088/134318/1088-134318-0005.flac"
474,"../data/LibriStutter/LibriStutter Audio/5561/39621/5561-39621-0028.flac","../data/LibriSpeech/5561/39621/5561-39621-0028.flac"
475,"../data/LibriStutter/LibriStutter Audio/2952/407/2952-407-0007.flac","../data/LibriSpeech/2952/407/2952-407-0007.flac"
476,"../data/LibriStutter/LibriStutter Audio/7067/76047/7067-76047-0008.flac","../data/LibriSpeech/7067/76047/7067-76047-0008.flac"
477,"../data/LibriStutter/LibriStutter Audio/1334/135589/1334-135589-0100.flac","../data/LibriSpeech/1334/135589/1334-135589-0100.flac"
478,"../data/LibriStutter/LibriStutter Audio/1743/142913/1743-142913-0016.flac","../data/LibriSpeech/1743/142913/1743-142913-0016.flac"
479,"../data/LibriStutter/LibriStutter Audio/1743/142914/1743-142914-0000.flac","../data/LibriSpeech/1743/142914/1743-142914-0000.flac"
480,"../data/LibriStutter/LibriStutter Audio/5678/43302/5678-43302-0002.flac","../data/LibriSpeech/5678/43302/5678-43302-0002.flac"
481,"../data/LibriStutter/LibriStutter Audio/4018/107338/4018-107338-0026.flac","../data/LibriSpeech/4018/107338/4018-107338-0026.flac"
482,"../data/LibriStutter/LibriStutter Audio/4853/27670/4853-27670-0027.flac","../data/LibriSpeech/4853/27670/4853-27670-0027.flac"
483,"../data/LibriStutter/LibriStutter Audio/4137/11701/4137-11701-0003.flac","../data/LibriSpeech/4137/11701/4137-11701-0003.flac"
484,"../data/LibriStutter/LibriStutter Audio/4853/29413/4853-29413-0021.flac","../data/LibriSpeech/4853/29413/4853-29413-0021.flac"
485,"../data/LibriStutter/LibriStutter Audio/4137/11701/4137-11701-0009.flac","../data/LibriSpeech/4137/11701/4137-11701-0009.flac"
486,"../data/LibriStutter/LibriStutter Audio/4018/107338/4018-107338-0032.flac","../data/LibriSpeech/4018/107338/4018-107338-0032.flac"
487,"../data/LibriStutter/LibriStutter Audio/5678/43303/5678-43303-0024.flac","../data/LibriSpeech/5678/43303/5678-43303-0024.flac"
488,"../data/LibriStutter/LibriStutter Audio/2836/5354/2836-5354-0023.flac","../data/LibriSpeech/2836/5354/2836-5354-0023.flac"
489,"../data/LibriStutter/LibriStutter Audio/103/1241/103-1241-0027.flac","../data/LibriSpeech/103/1241/103-1241-0027.flac"
490,"../data/LibriStutter/LibriStutter Audio/1088/134315/1088-134315-0001.flac","../data/LibriSpeech/1088/134315/1088-134315-0001.flac"
491,"../data/LibriStutter/LibriStutter Audio/2989/138035/2989-138035-0051.flac","../data/LibriSpeech/2989/138035/2989-138035-0051.flac"
492,"../data/LibriStutter/LibriStutter Audio/1743/142914/1743-142914-0027.flac","../data/LibriSpeech/1743/142914/1743-142914-0027.flac"
493,"../data/LibriStutter/LibriStutter Audio/5390/30096/5390-30096-0007.flac","../data/LibriSpeech/5390/30096/5390-30096-0007.flac"
494,"../data/LibriStutter/LibriStutter Audio/1926/147979/1926-147979-0032.flac","../data/LibriSpeech/1926/147979/1926-147979-0032.flac"
495,"../data/LibriStutter/LibriStutter Audio/5561/41616/5561-41616-0012.flac","../data/LibriSpeech/5561/41616/5561-41616-0012.flac"
496,"../data/LibriStutter/LibriStutter Audio/2092/145709/2092-145709-0021.flac","../data/LibriSpeech/2092/145709/2092-145709-0021.flac"
497,"../data/LibriStutter/LibriStutter Audio/2007/132570/2007-132570-0023.flac","../data/LibriSpeech/2007/132570/2007-132570-0023.flac"
498,"../data/LibriStutter/LibriStutter Audio/7113/86041/7113-86041-0039.flac","../data/LibriSpeech/7113/86041/7113-86041-0039.flac"
499,"../data/LibriStutter/LibriStutter Audio/6437/66173/6437-66173-0025.flac","../data/LibriSpeech/6437/66173/6437-66173-0025.flac"
500,"../data/LibriStutter/LibriStutter Audio/311/124404/311-124404-0081.flac","../data/LibriSpeech/311/124404/311-124404-0081.flac"
501,"../data/LibriStutter/LibriStutter Audio/2436/2477/2436-2477-0014.flac","../data/LibriSpeech/2436/2477/2436-2477-0014.flac"
502,"../data/LibriStutter/LibriStutter Audio/4018/107312/4018-107312-0027.flac","../data/LibriSpeech/4018/107312/4018-107312-0027.flac"
503,"../data/LibriStutter/LibriStutter Audio/289/121665/289-121665-0007.flac","../data/LibriSpeech/289/121665/289-121665-0007.flac"
504,"../data/LibriStutter/LibriStutter Audio/2952/410/2952-410-0050.flac","../data/LibriSpeech/2952/410/2952-410-0050.flac"
505,"../data/LibriStutter/LibriStutter Audio/3240/131231/3240-131231-0015.flac","../data/LibriSpeech/3240/131231/3240-131231-0015.flac"
506,"../data/LibriStutter/LibriStutter Audio/2007/132570/2007-132570-0050.flac","../data/LibriSpeech/2007/132570/2007-132570-0050.flac"
507,"../data/LibriStutter/LibriStutter Audio/289/121665/289-121665-0032.flac","../data/LibriSpeech/289/121665/289-121665-0032.flac"
508,"../data/LibriStutter/LibriStutter Audio/4137/11702/4137-11702-0055.flac","../data/LibriSpeech/4137/11702/4137-11702-0055.flac"
509,"../data/LibriStutter/LibriStutter Audio/2989/138028/2989-138028-0048.flac","../data/LibriSpeech/2989/138028/2989-138028-0048.flac"
510,"../data/LibriStutter/LibriStutter Audio/4018/107338/4018-107338-0030.flac","../data/LibriSpeech/4018/107338/4018-107338-0030.flac"
511,"../data/LibriStutter/LibriStutter Audio/6925/80680/6925-80680-0017.flac","../data/LibriSpeech/6925/80680/6925-80680-0017.flac"
512,"../data/LibriStutter/LibriStutter Audio/1743/142912/1743-142912-0030.flac","../data/LibriSpeech/1743/142912/1743-142912-0030.flac"
513,"../data/LibriStutter/LibriStutter Audio/2436/2481/2436-2481-0020.flac","../data/LibriSpeech/2436/2481/2436-2481-0020.flac"
514,"../data/LibriStutter/LibriStutter Audio/7113/86041/7113-86041-0036.flac","../data/LibriSpeech/7113/86041/7113-86041-0036.flac"
515,"../data/LibriStutter/LibriStutter Audio/2989/138028/2989-138028-0010.flac","../data/LibriSpeech/2989/138028/2989-138028-0010.flac"
516,"../data/LibriStutter/LibriStutter Audio/5390/30096/5390-30096-0003.flac","../data/LibriSpeech/5390/30096/5390-30096-0003.flac"
517,"../data/LibriStutter/LibriStutter Audio/7113/86041/7113-86041-0025.flac","../data/LibriSpeech/7113/86041/7113-86041-0025.flac"
518,"../data/LibriStutter/LibriStutter Audio/311/124404/311-124404-0095.flac","../data/LibriSpeech/311/124404/311-124404-0095.flac"
519,"../data/LibriStutter/LibriStutter Audio/1963/142393/1963-142393-0048.flac","../data/LibriSpeech/1963/142393/1963-142393-0048.flac"
520,"../data/LibriStutter/LibriStutter Audio/3240/131231/3240-131231-0028.flac","../data/LibriSpeech/3240/131231/3240-131231-0028.flac"
521,"../data/LibriStutter/LibriStutter Audio/311/124404/311-124404-0018.flac","../data/LibriSpeech/311/124404/311-124404-0018.flac"
522,"../data/LibriStutter/LibriStutter Audio/311/124404/311-124404-0051.flac","../data/LibriSpeech/311/124404/311-124404-0051.flac"
523,"../data/LibriStutter/LibriStutter Audio/1088/134315/1088-134315-0058.flac","../data/LibriSpeech/1088/134315/1088-134315-0058.flac"
524,"../data/LibriStutter/LibriStutter Audio/1502/122619/1502-122619-0074.flac","../data/LibriSpeech/1502/122619/1502-122619-0074.flac"
525,"../data/LibriStutter/LibriStutter Audio/5390/30102/5390-30102-0022.flac","../data/LibriSpeech/5390/30102/5390-30102-0022.flac"
526,"../data/LibriStutter/LibriStutter Audio/2092/145706/2092-145706-0021.flac","../data/LibriSpeech/2092/145706/2092-145706-0021.flac"
527,"../data/LibriStutter/LibriStutter Audio/7517/100429/7517-100429-0008.flac","../data/LibriSpeech/7517/100429/7517-100429-0008.flac"
528,"../data/LibriStutter/LibriStutter Audio/2952/410/2952-410-0046.flac","../data/LibriSpeech/2952/410/2952-410-0046.flac"
529,"../data/LibriStutter/LibriStutter Audio/6437/66173/6437-66173-0034.flac","../data/LibriSpeech/6437/66173/6437-66173-0034.flac"
530,"../data/LibriStutter/LibriStutter Audio/3699/19401/3699-19401-0011.flac","../data/LibriSpeech/3699/19401/3699-19401-0011.flac"
531,"../data/LibriStutter/LibriStutter Audio/2518/154826/2518-154826-0026.flac","../data/LibriSpeech/2518/154826/2518-154826-0026.flac"
532,"../data/LibriStutter/LibriStutter Audio/7517/100429/7517-100429-0003.flac","../data/LibriSpeech/7517/100429/7517-100429-0003.flac"
533,"../data/LibriStutter/LibriStutter Audio/3699/175950/3699-175950-0021.flac","../data/LibriSpeech/3699/175950/3699-175950-0021.flac"
534,"../data/LibriStutter/LibriStutter Audio/2518/154826/2518-154826-0027.flac","../data/LibriSpeech/2518/154826/2518-154826-0027.flac"
535,"../data/LibriStutter/LibriStutter Audio/2518/154825/2518-154825-0008.flac","../data/LibriSpeech/2518/154825/2518-154825-0008.flac"
536,"../data/LibriStutter/LibriStutter Audio/2893/139310/2893-139310-0025.flac","../data/LibriSpeech/2893/139310/2893-139310-0025.flac"
537,"../data/LibriStutter/LibriStutter Audio/6000/86686/6000-86686-0003.flac","../data/LibriSpeech/6000/86686/6000-86686-0003.flac"
538,"../data/LibriStutter/LibriStutter Audio/5456/24741/5456-24741-0006.flac","../data/LibriSpeech/5456/24741/5456-24741-0006.flac"
539,"../data/LibriStutter/LibriStutter Audio/1926/143879/1926-143879-0012.flac","../data/LibriSpeech/1926/143879/1926-143879-0012.flac"
540,"../data/LibriStutter/LibriStutter Audio/6437/66172/6437-66172-0033.flac","../data/LibriSpeech/6437/66172/6437-66172-0033.flac"
541,"../data/LibriStutter/LibriStutter Audio/7113/86041/7113-86041-0032.flac","../data/LibriSpeech/7113/86041/7113-86041-0032.flac"
542,"../data/LibriStutter/LibriStutter Audio/2436/2476/2436-2476-0013.flac","../data/LibriSpeech/2436/2476/2436-2476-0013.flac"
543,"../data/LibriStutter/LibriStutter Audio/4137/11701/4137-11701-0002.flac","../data/LibriSpeech/4137/11701/4137-11701-0002.flac"
544,"../data/LibriStutter/LibriStutter Audio/2952/410/2952-410-0034.flac","../data/LibriSpeech/2952/410/2952-410-0034.flac"
545,"../data/LibriStutter/LibriStutter Audio/2436/2477/2436-2477-0002.flac","../data/LibriSpeech/2436/2477/2436-2477-0002.flac"
546,"../data/LibriStutter/LibriStutter Audio/1867/154071/1867-154071-0036.flac","../data/LibriSpeech/1867/154071/1867-154071-0036.flac"
547,"../data/LibriStutter/LibriStutter Audio/625/132118/625-132118-0014.flac","../data/LibriSpeech/625/132118/625-132118-0014.flac"
548,"../data/LibriStutter/LibriStutter Audio/3699/47246/3699-47246-0002.flac","../data/LibriSpeech/3699/47246/3699-47246-0002.flac"
549,"../data/LibriStutter/LibriStutter Audio/5390/30102/5390-30102-0001.flac","../data/LibriSpeech/5390/30102/5390-30102-0001.flac"
550,"../data/LibriStutter/LibriStutter Audio/4137/11701/4137-11701-0011.flac","../data/LibriSpeech/4137/11701/4137-11701-0011.flac"
551,"../data/LibriStutter/LibriStutter Audio/4018/103416/4018-103416-0021.flac","../data/LibriSpeech/4018/103416/4018-103416-0021.flac"
552,"../data/LibriStutter/LibriStutter Audio/3240/131231/3240-131231-0085.flac","../data/LibriSpeech/3240/131231/3240-131231-0085.flac"
553,"../data/LibriStutter/LibriStutter Audio/7067/76048/7067-76048-0009.flac","../data/LibriSpeech/7067/76048/7067-76048-0009.flac"
554,"../data/LibriStutter/LibriStutter Audio/1088/134315/1088-134315-0012.flac","../data/LibriSpeech/1088/134315/1088-134315-0012.flac"
555,"../data/LibriStutter/LibriStutter Audio/5393/19219/5393-19219-0050.flac","../data/LibriSpeech/5393/19219/5393-19219-0050.flac"
556,"../data/LibriStutter/LibriStutter Audio/5678/43303/5678-43303-0007.flac","../data/LibriSpeech/5678/43303/5678-43303-0007.flac"
557,"../data/LibriStutter/LibriStutter Audio/5393/19218/5393-19218-0051.flac","../data/LibriSpeech/5393/19218/5393-19218-0051.flac"
558,"../data/LibriStutter/LibriStutter Audio/1088/129236/1088-129236-0000.flac","../data/LibriSpeech/1088/129236/1088-129236-0000.flac"
559,"../data/LibriStutter/LibriStutter Audio/4830/25904/4830-25904-0040.flac","../data/LibriSpeech/4830/25904/4830-25904-0040.flac"
560,"../data/LibriStutter/LibriStutter Audio/1867/154071/1867-154071-0039.flac","../data/LibriSpeech/1867/154071/1867-154071-0039.flac"
561,"../data/LibriStutter/LibriStutter Audio/625/132118/625-132118-0028.flac","../data/LibriSpeech/625/132118/625-132118-0028.flac"
562,"../data/LibriStutter/LibriStutter Audio/1867/148436/1867-148436-0001.flac","../data/LibriSpeech/1867/148436/1867-148436-0001.flac"
563,"../data/LibriStutter/LibriStutter Audio/2989/138035/2989-138035-0012.flac","../data/LibriSpeech/2989/138035/2989-138035-0012.flac"
564,"../data/LibriStutter/LibriStutter Audio/7780/274562/7780-274562-0015.flac","../data/LibriSpeech/7780/274562/7780-274562-0015.flac"
565,"../data/LibriStutter/LibriStutter Audio/412/126975/412-126975-0051.flac","../data/LibriSpeech/412/126975/412-126975-0051.flac"
566,"../data/LibriStutter/LibriStutter Audio/4018/103416/4018-103416-0029.flac","../data/LibriSpeech/4018/103416/4018-103416-0029.flac"
567,"../data/LibriStutter/LibriStutter Audio/2836/5355/2836-5355-0046.flac","../data/LibriSpeech/2836/5355/2836-5355-0046.flac"
568,"../data/LibriStutter/LibriStutter Audio/7780/274562/7780-274562-0065.flac","../data/LibriSpeech/7780/274562/7780-274562-0065.flac"
569,"../data/LibriStutter/LibriStutter Audio/4853/27671/4853-27671-0023.flac","../data/LibriSpeech/4853/27671/4853-27671-0023.flac"
570,"../data/LibriStutter/LibriStutter Audio/1743/142914/1743-142914-0025.flac","../data/LibriSpeech/1743/142914/1743-142914-0025.flac"
571,"../data/LibriStutter/LibriStutter Audio/5561/41615/5561-41615-0047.flac","../data/LibriSpeech/5561/41615/5561-41615-0047.flac"
572,"../data/LibriStutter/LibriStutter Audio/2007/149877/2007-149877-0023.flac","../data/LibriSpeech/2007/149877/2007-149877-0023.flac"
573,"../data/LibriStutter/LibriStutter Audio/311/124404/311-124404-0068.flac","../data/LibriSpeech/311/124404/311-124404-0068.flac"
574,"../data/LibriStutter/LibriStutter Audio/1502/122619/1502-122619-0047.flac","../data/LibriSpeech/1502/122619/1502-122619-0047.flac"
575,"../data/LibriStutter/LibriStutter Audio/5390/30096/5390-30096-0021.flac","../data/LibriSpeech/5390/30096/5390-30096-0021.flac"
576,"../data/LibriStutter/LibriStutter Audio/1926/147987/1926-147987-0013.flac","../data/LibriSpeech/1926/147987/1926-147987-0013.flac"
577,"../data/LibriStutter/LibriStutter Audio/311/124404/311-124404-0096.flac","../data/LibriSpeech/311/124404/311-124404-0096.flac"
578,"../data/LibriStutter/LibriStutter Audio/3240/131232/3240-131232-0006.flac","../data/LibriSpeech/3240/131232/3240-131232-0006.flac"
579,"../data/LibriStutter/LibriStutter Audio/2007/149877/2007-149877-0010.flac","../data/LibriSpeech/2007/149877/2007-149877-0010.flac"
580,"../data/LibriStutter/LibriStutter Audio/6925/80680/6925-80680-0032.flac","../data/LibriSpeech/6925/80680/6925-80680-0032.flac"
581,"../data/LibriStutter/LibriStutter Audio/6925/80680/6925-80680-0060.flac","../data/LibriSpeech/6925/80680/6925-80680-0060.flac"
582,"../data/LibriStutter/LibriStutter Audio/1088/134315/1088-134315-0047.flac","../data/LibriSpeech/1088/134315/1088-134315-0047.flac"
583,"../data/LibriStutter/LibriStutter Audio/3240/131231/3240-131231-0048.flac","../data/LibriSpeech/3240/131231/3240-131231-0048.flac"
584,"../data/LibriStutter/LibriStutter Audio/7517/100429/7517-100429-0001.flac","../data/LibriSpeech/7517/100429/7517-100429-0001.flac"
585,"../data/LibriStutter/LibriStutter Audio/1926/143879/1926-143879-0020.flac","../data/LibriSpeech/1926/143879/1926-143879-0020.flac"
586,"../data/LibriStutter/LibriStutter Audio/5390/24512/5390-24512-0007.flac","../data/LibriSpeech/5390/24512/5390-24512-0007.flac"
587,"../data/LibriStutter/LibriStutter Audio/5678/43302/5678-43302-0016.flac","../data/LibriSpeech/5678/43302/5678-43302-0016.flac"
588,"../data/LibriStutter/LibriStutter Audio/6437/66172/6437-66172-0006.flac","../data/LibriSpeech/6437/66172/6437-66172-0006.flac"
589,"../data/LibriStutter/LibriStutter Audio/4788/91208/4788-91208-0005.flac","../data/LibriSpeech/4788/91208/4788-91208-0005.flac"
590,"../data/LibriStutter/LibriStutter Audio/1502/122615/1502-122615-0017.flac","../data/LibriSpeech/1502/122615/1502-122615-0017.flac"
591,"../data/LibriStutter/LibriStutter Audio/7113/86041/7113-86041-0053.flac","../data/LibriSpeech/7113/86041/7113-86041-0053.flac"
592,"../data/LibriStutter/LibriStutter Audio/1963/142393/1963-142393-0039.flac","../data/LibriSpeech/1963/142393/1963-142393-0039.flac"
593,"../data/LibriStutter/LibriStutter Audio/5390/30102/5390-30102-0005.flac","../data/LibriSpeech/5390/30102/5390-30102-0005.flac"
594,"../data/LibriStutter/LibriStutter Audio/3699/19402/3699-19402-0001.flac","../data/LibriSpeech/3699/19402/3699-19402-0001.flac"
595,"../data/LibriStutter/LibriStutter Audio/6925/80680/6925-80680-0050.flac","../data/LibriSpeech/6925/80680/6925-80680-0050.flac"
596,"../data/LibriStutter/LibriStutter Audio/4853/27670/4853-27670-0014.flac","../data/LibriSpeech/4853/27670/4853-27670-0014.flac"
597,"../data/LibriStutter/LibriStutter Audio/4018/107338/4018-107338-0017.flac","../data/LibriSpeech/4018/107338/4018-107338-0017.flac"
598,"../data/LibriStutter/LibriStutter Audio/198/126831/198-126831-0030.flac","../data/LibriSpeech/198/126831/198-126831-0030.flac"
599,"../data/LibriStutter/LibriStutter Audio/7067/76048/7067-76048-0037.flac","../data/LibriSpeech/7067/76048/7067-76048-0037.flac"
600,"../data/LibriStutter/LibriStutter Audio/2893/139322/2893-139322-0001.flac","../data/LibriSpeech/2893/139322/2893-139322-0001.flac"
601,"../data/LibriStutter/LibriStutter Audio/289/121665/289-121665-0031.flac","../data/LibriSpeech/289/121665/289-121665-0031.flac"
602,"../data/LibriStutter/LibriStutter Audio/2518/154826/2518-154826-0016.flac","../data/LibriSpeech/2518/154826/2518-154826-0016.flac"
603,"../data/LibriStutter/LibriStutter Audio/2893/139322/2893-139322-0007.flac","../data/LibriSpeech/2893/139322/2893-139322-0007.flac"
604,"../data/LibriStutter/LibriStutter Audio/2092/145706/2092-145706-0019.flac","../data/LibriSpeech/2092/145706/2092-145706-0019.flac"
605,"../data/LibriStutter/LibriStutter Audio/5393/19218/5393-19218-0046.flac","../data/LibriSpeech/5393/19218/5393-19218-0046.flac"
606,"../data/LibriStutter/LibriStutter Audio/5390/30096/5390-30096-0022.flac","../data/LibriSpeech/5390/30096/5390-30096-0022.flac"
607,"../data/LibriStutter/LibriStutter Audio/2092/145709/2092-145709-0000.flac","../data/LibriSpeech/2092/145709/2092-145709-0000.flac"
608,"../data/LibriStutter/LibriStutter Audio/2836/5354/2836-5354-0001.flac","../data/LibriSpeech/2836/5354/2836-5354-0001.flac"
609,"../data/LibriStutter/LibriStutter Audio/625/132118/625-132118-0010.flac","../data/LibriSpeech/625/132118/625-132118-0010.flac"
610,"../data/LibriStutter/LibriStutter Audio/2989/138035/2989-138035-0074.flac","../data/LibriSpeech/2989/138035/2989-138035-0074.flac"
611,"../data/LibriStutter/LibriStutter Audio/412/126975/412-126975-0024.flac","../data/LibriSpeech/412/126975/412-126975-0024.flac"
612,"../data/LibriStutter/LibriStutter Audio/2289/152258/2289-152258-0037.flac","../data/LibriSpeech/2289/152258/2289-152258-0037.flac"
613,"../data/LibriStutter/LibriStutter Audio/2952/410/2952-410-0057.flac","../data/LibriSpeech/2952/410/2952-410-0057.flac"
614,"../data/LibriStutter/LibriStutter Audio/103/1240/103-1240-0056.flac","../data/LibriSpeech/103/1240/103-1240-0056.flac"
615,"../data/LibriStutter/LibriStutter Audio/198/209/198-209-0005.flac","../data/LibriSpeech/198/209/198-209-0005.flac"
616,"../data/LibriStutter/LibriStutter Audio/1926/147979/1926-147979-0005.flac","../data/LibriSpeech/1926/147979/1926-147979-0005.flac"
617,"../data/LibriStutter/LibriStutter Audio/2289/152254/2289-152254-0019.flac","../data/LibriSpeech/2289/152254/2289-152254-0019.flac"
618,"../data/LibriStutter/LibriStutter Audio/1502/122619/1502-122619-0066.flac","../data/LibriSpeech/1502/122619/1502-122619-0066.flac"
619,"../data/LibriStutter/LibriStutter Audio/7517/100442/7517-100442-0002.flac","../data/LibriSpeech/7517/100442/7517-100442-0002.flac"
620,"../data/LibriStutter/LibriStutter Audio/625/132112/625-132112-0038.flac","../data/LibriSpeech/625/132112/625-132112-0038.flac"
621,"../data/LibriStutter/LibriStutter Audio/2836/5354/2836-5354-0051.flac","../data/LibriSpeech/2836/5354/2836-5354-0051.flac"
622,"../data/LibriStutter/LibriStutter Audio/1743/142912/1743-142912-0032.flac","../data/LibriSpeech/1743/142912/1743-142912-0032.flac"
623,"../data/LibriStutter/LibriStutter Audio/289/121652/289-121652-0013.flac","../data/LibriSpeech/289/121652/289-121652-0013.flac"
624,"../data/LibriStutter/LibriStutter Audio/7780/274562/7780-274562-0099.flac","../data/LibriSpeech/7780/274562/7780-274562-0099.flac"
625,"../data/LibriStutter/LibriStutter Audio/3699/47246/3699-47246-0014.flac","../data/LibriSpeech/3699/47246/3699-47246-0014.flac"
626,"../data/LibriStutter/LibriStutter Audio/1867/154075/1867-154075-0001.flac","../data/LibriSpeech/1867/154075/1867-154075-0001.flac"
627,"../data/LibriStutter/LibriStutter Audio/5561/39621/5561-39621-0034.flac","../data/LibriSpeech/5561/39621/5561-39621-0034.flac"
628,"../data/LibriStutter/LibriStutter Audio/1867/154075/1867-154075-0040.flac","../data/LibriSpeech/1867/154075/1867-154075-0040.flac"
629,"../data/LibriStutter/LibriStutter Audio/1334/135589/1334-135589-0048.flac","../data/LibriSpeech/1334/135589/1334-135589-0048.flac"
630,"../data/LibriStutter/LibriStutter Audio/311/124404/311-124404-0093.flac","../data/LibriSpeech/311/124404/311-124404-0093.flac"
631,"../data/LibriStutter/LibriStutter Audio/4853/29413/4853-29413-0029.flac","../data/LibriSpeech/4853/29413/4853-29413-0029.flac"
632,"../data/LibriStutter/LibriStutter Audio/2518/154826/2518-154826-0001.flac","../data/LibriSpeech/2518/154826/2518-154826-0001.flac"
633,"../data/LibriStutter/LibriStutter Audio/1088/129236/1088-129236-0017.flac","../data/LibriSpeech/1088/129236/1088-129236-0017.flac"
634,"../data/LibriStutter/LibriStutter Audio/3699/47246/3699-47246-0008.flac","../data/LibriSpeech/3699/47246/3699-47246-0008.flac"
635,"../data/LibriStutter/LibriStutter Audio/7517/100442/7517-100442-0011.flac","../data/LibriSpeech/7517/100442/7517-100442-0011.flac"
636,"../data/LibriStutter/LibriStutter Audio/5390/30096/5390-30096-0026.flac","../data/LibriSpeech/5390/30096/5390-30096-0026.flac"
637,"../data/LibriStutter/LibriStutter Audio/2989/138035/2989-138035-0077.flac","../data/LibriSpeech/2989/138035/2989-138035-0077.flac"
638,"../data/LibriStutter/LibriStutter Audio/289/121652/289-121652-0021.flac","../data/LibriSpeech/289/121652/289-121652-0021.flac"
639,"../data/LibriStutter/LibriStutter Audio/5678/43301/5678-43301-0011.flac","../data/LibriSpeech/5678/43301/5678-43301-0011.flac"
640,"../data/LibriStutter/LibriStutter Audio/1088/134315/1088-134315-0052.flac","../data/LibriSpeech/1088/134315/1088-134315-0052.flac"
641,"../data/LibriStutter/LibriStutter Audio/7780/274562/7780-274562-0017.flac","../data/LibriSpeech/7780/274562/7780-274562-0017.flac"
642,"../data/LibriStutter/LibriStutter Audio/5561/41615/5561-41615-0003.flac","../data/LibriSpeech/5561/41615/5561-41615-0003.flac"
643,"../data/LibriStutter/LibriStutter Audio/1867/148436/1867-148436-0009.flac","../data/LibriSpeech/1867/148436/1867-148436-0009.flac"
644,"../data/LibriStutter/LibriStutter Audio/2289/152258/2289-152258-0011.flac","../data/LibriSpeech/2289/152258/2289-152258-0011.flac"
645,"../data/LibriStutter/LibriStutter Audio/7517/100437/7517-100437-0007.flac","../data/LibriSpeech/7517/100437/7517-100437-0007.flac"
646,"../data/LibriStutter/LibriStutter Audio/6000/86686/6000-86686-0021.flac","../data/LibriSpeech/6000/86686/6000-86686-0021.flac"
647,"../data/LibriStutter/LibriStutter Audio/4137/11702/4137-11702-0028.flac","../data/LibriSpeech/4137/11702/4137-11702-0028.flac"
648,"../data/LibriStutter/LibriStutter Audio/4788/91208/4788-91208-0024.flac","../data/LibriSpeech/4788/91208/4788-91208-0024.flac"
649,"../data/LibriStutter/LibriStutter Audio/4788/91208/4788-91208-0002.flac","../data/LibriSpeech/4788/91208/4788-91208-0002.flac"
650,"../data/LibriStutter/LibriStutter Audio/4018/107338/4018-107338-0016.flac","../data/LibriSpeech/4018/107338/4018-107338-0016.flac"
651,"../data/LibriStutter/LibriStutter Audio/2836/5355/2836-5355-0049.flac","../data/LibriSpeech/2836/5355/2836-5355-0049.flac"
652,"../data/LibriStutter/LibriStutter Audio/5678/43301/5678-43301-0023.flac","../data/LibriSpeech/5678/43301/5678-43301-0023.flac"
653,"../data/LibriStutter/LibriStutter Audio/3699/175950/3699-175950-0001.flac","../data/LibriSpeech/3699/175950/3699-175950-0001.flac"
654,"../data/LibriStutter/LibriStutter Audio/311/124404/311-124404-0020.flac","../data/LibriSpeech/311/124404/311-124404-0020.flac"
655,"../data/LibriStutter/LibriStutter Audio/103/1241/103-1241-0020.flac","../data/LibriSpeech/103/1241/103-1241-0020.flac"
656,"../data/LibriStutter/LibriStutter Audio/3699/175950/3699-175950-0003.flac","../data/LibriSpeech/3699/175950/3699-175950-0003.flac"
657,"../data/LibriStutter/LibriStutter Audio/103/1241/103-1241-0011.flac","../data/LibriSpeech/103/1241/103-1241-0011.flac"
658,"../data/LibriStutter/LibriStutter Audio/311/124404/311-124404-0023.flac","../data/LibriSpeech/311/124404/311-124404-0023.flac"
659,"../data/LibriStutter/LibriStutter Audio/5393/19219/5393-19219-0026.flac","../data/LibriSpeech/5393/19219/5393-19219-0026.flac"
660,"../data/LibriStutter/LibriStutter Audio/1963/147036/1963-147036-0020.flac","../data/LibriSpeech/1963/147036/1963-147036-0020.flac"
661,"../data/LibriStutter/LibriStutter Audio/1088/134315/1088-134315-0003.flac","../data/LibriSpeech/1088/134315/1088-134315-0003.flac"
662,"../data/LibriStutter/LibriStutter Audio/7067/76048/7067-76048-0013.flac","../data/LibriSpeech/7067/76048/7067-76048-0013.flac"
663,"../data/LibriStutter/LibriStutter Audio/2952/407/2952-407-0026.flac","../data/LibriSpeech/2952/407/2952-407-0026.flac"
664,"../data/LibriStutter/LibriStutter Audio/1088/134315/1088-134315-0019.flac","../data/LibriSpeech/1088/134315/1088-134315-0019.flac"
665,"../data/LibriStutter/LibriStutter Audio/4853/29413/4853-29413-0019.flac","../data/LibriSpeech/4853/29413/4853-29413-0019.flac"
666,"../data/LibriStutter/LibriStutter Audio/311/124404/311-124404-0034.flac","../data/LibriSpeech/311/124404/311-124404-0034.flac"
667,"../data/LibriStutter/LibriStutter Audio/4137/11702/4137-11702-0006.flac","../data/LibriSpeech/4137/11702/4137-11702-0006.flac"
668,"../data/LibriStutter/LibriStutter Audio/1502/122619/1502-122619-0027.flac","../data/LibriSpeech/1502/122619/1502-122619-0027.flac"
669,"../data/LibriStutter/LibriStutter Audio/198/209/198-209-0015.flac","../data/LibriSpeech/198/209/198-209-0015.flac"
670,"../data/LibriStutter/LibriStutter Audio/1867/154075/1867-154075-0029.flac","../data/LibriSpeech/1867/154075/1867-154075-0029.flac"
671,"../data/LibriStutter/LibriStutter Audio/5561/41616/5561-41616-0028.flac","../data/LibriSpeech/5561/41616/5561-41616-0028.flac"
672,"../data/LibriStutter/LibriStutter Audio/1502/122615/1502-122615-0003.flac","../data/LibriSpeech/1502/122615/1502-122615-0003.flac"
673,"../data/LibriStutter/LibriStutter Audio/5678/43302/5678-43302-0020.flac","../data/LibriSpeech/5678/43302/5678-43302-0020.flac"
674,"../data/LibriStutter/LibriStutter Audio/2092/145706/2092-145706-0036.flac","../data/LibriSpeech/2092/145706/2092-145706-0036.flac"
675,"../data/LibriStutter/LibriStutter Audio/103/1241/103-1241-0041.flac","../data/LibriSpeech/103/1241/103-1241-0041.flac"
676,"../data/LibriStutter/LibriStutter Audio/6925/80680/6925-80680-0055.flac","../data/LibriSpeech/6925/80680/6925-80680-0055.flac"
677,"../data/LibriStutter/LibriStutter Audio/1334/135589/1334-135589-0076.flac","../data/LibriSpeech/1334/135589/1334-135589-0076.flac"
678,"../data/LibriStutter/LibriStutter Audio/2007/149877/2007-149877-0018.flac","../data/LibriSpeech/2007/149877/2007-149877-0018.flac"
679,"../data/LibriStutter/LibriStutter Audio/3699/19402/3699-19402-0023.flac","../data/LibriSpeech/3699/19402/3699-19402-0023.flac"
680,"../data/LibriStutter/LibriStutter Audio/5561/41616/5561-41616-0033.flac","../data/LibriSpeech/5561/41616/5561-41616-0033.flac"
681,"../data/LibriStutter/LibriStutter Audio/6000/55211/6000-55211-0026.flac","../data/LibriSpeech/6000/55211/6000-55211-0026.flac"
682,"../data/LibriStutter/LibriStutter Audio/2289/152257/2289-152257-0009.flac","../data/LibriSpeech/2289/152257/2289-152257-0009.flac"
683,"../data/LibriStutter/LibriStutter Audio/103/1241/103-1241-0039.flac","../data/LibriSpeech/103/1241/103-1241-0039.flac"
684,"../data/LibriStutter/LibriStutter Audio/1867/148436/1867-148436-0010.flac","../data/LibriSpeech/1867/148436/1867-148436-0010.flac"
685,"../data/LibriStutter/LibriStutter Audio/289/121652/289-121652-0028.flac","../data/LibriSpeech/289/121652/289-121652-0028.flac"
686,"../data/LibriStutter/LibriStutter Audio/7067/76048/7067-76048-0036.flac","../data/LibriSpeech/7067/76048/7067-76048-0036.flac"
687,"../data/LibriStutter/LibriStutter Audio/7067/76047/7067-76047-0030.flac","../data/LibriSpeech/7067/76047/7067-76047-0030.flac"
688,"../data/LibriStutter/LibriStutter Audio/5393/19219/5393-19219-0003.flac","../data/LibriSpeech/5393/19219/5393-19219-0003.flac"
689,"../data/LibriStutter/LibriStutter Audio/625/132118/625-132118-0015.flac","../data/LibriSpeech/625/132118/625-132118-0015.flac"
690,"../data/LibriStutter/LibriStutter Audio/311/124404/311-124404-0076.flac","../data/LibriSpeech/311/124404/311-124404-0076.flac"
691,"../data/LibriStutter/LibriStutter Audio/625/132112/625-132112-0013.flac","../data/LibriSpeech/625/132112/625-132112-0013.flac"
692,"../data/LibriStutter/LibriStutter Audio/2836/5355/2836-5355-0029.flac","../data/LibriSpeech/2836/5355/2836-5355-0029.flac"
693,"../data/LibriStutter/LibriStutter Audio/2289/152258/2289-152258-0035.flac","../data/LibriSpeech/2289/152258/2289-152258-0035.flac"
694,"../data/LibriStutter/LibriStutter Audio/2518/154825/2518-154825-0041.flac","../data/LibriSpeech/2518/154825/2518-154825-0041.flac"
695,"../data/LibriStutter/LibriStutter Audio/1867/154071/1867-154071-0041.flac","../data/LibriSpeech/1867/154071/1867-154071-0041.flac"
696,"../data/LibriStutter/LibriStutter Audio/4137/11702/4137-11702-0038.flac","../data/LibriSpeech/4137/11702/4137-11702-0038.flac"
697,"../data/LibriStutter/LibriStutter Audio/3240/131231/3240-131231-0083.flac","../data/LibriSpeech/3240/131231/3240-131231-0083.flac"
698,"../data/LibriStutter/LibriStutter Audio/625/132118/625-132118-0048.flac","../data/LibriSpeech/625/132118/625-132118-0048.flac"
699,"../data/LibriStutter/LibriStutter Audio/1867/148436/1867-148436-0039.flac","../data/LibriSpeech/1867/148436/1867-148436-0039.flac"
